:020000040800F2
:10000000286500205103000801660008C95D00084A
:1000100095640008110F0008D98000080000000056
:100020000000000000000000000000009102000835
:100030008112000800000000ED020008D9770008D6
:100040006B0300086B0300086B0300086B030008D8
:100050006B0300086B0300086B0300086B030008C8
:100060006B0300086B0300086B0300086B030008B8
:100070006B0300086B0300086B0300086B030008A8
:10008000B91100086B0300086B0300086B0300083C
:100090006B0300086B0300086B0300086B03000888
:1000A0006B0300086B0300086B0300086B03000878
:1000B0006B0300086B0300086B0300086B03000868
:1000C0006B0300086B0300086B0300086B03000858
:1000D0006B030008B5800008C1800008CD800008CF
:1000E0006B0300086B0300086B0300086B03000838
:1000F0006B0300086B0300086B0300086B03000828
:100100006B0300086B0300086B0300086B03000817
:10011000A17B00086B0300086B03000899780008B6
:100120006B0300086B030008C51100086B0300088F
:100130006B0300086B0300086B0300086B030008E7
:10014000150F00086B0300086B0300086B03000821
:100150006B0300086B030008D11100086B03000853
:100160006B0300086B0300086B0300086B030008B7
:100170006B0300086B0300086B030008000000001D
:100180006B0300086B03000800F002F800F071F840
:100190000AA090E8000C82448344AAF10107DA45E2
:1001A00001D100F066F8AFF2090EBAE80F0013F0C3
:1001B000010F18BFFB1A43F0010318476CCD000074
:1001C0008CCD00000A4410F8014B14F00F0508BF55
:1001D00010F8015B240908BF10F8014B6D1E05D013
:1001E00010F8013B6D1E01F8013BF9D1641E03D0EC
:1001F000641E01F8015BFBD19142E4D3704700001B
:100200000023002400250026103A28BF78C1FBD81F
:10021000520728BF30C148BF0B607047692900F002
:10022000AD81642900F0AA81752900F0A7816F29AA
:1002300000F03E82782900F063820368DB0928BF62
:1002400041F08001632900F01E85E32900F031852B
:10025000002070471FB50AF093F900F0EBFD040091
:10026000002000210AF030F9401C60601FBD10B56D
:1002700010BD00F0B9FD1146FFF7ECFF09F02CFAB4
:1002800000F0DCFD03B4FFF7F2FF03BC00F020FE3A
:100290002C4B19680868B0E8F04F80F30988BFF369
:1002A0006F8F4FF0000080F311887047000000004E
:1002B00008480068006880F308884FF0000080F369
:1002C000148862B661B6BFF34F8FBFF36F8F00DF44
:1002D00000BF00BF08ED00E0DFF80C00016841F44A
:1002E00070010160704700BF88ED00E0EFF3098006
:1002F000BFF36F8F134B1A681EF0100F08BF20ED6D
:10030000108A20E9F04F106009B44FF0500080F3DC
:100310001188BFF34F8FBFF36F8F09F0C5FE4FF009
:10032000000080F3118809BC19680868B0E8F04F34
:100330001EF0100F08BFB0EC108A80F30988BFF3DD
:100340006F8F70471C000020EFF30580704700009E
:100350000948804709480047FEE7FEE7FEE7FEE759
:10036000FEE7FEE7FEE7FEE7FEE7FEE70448054995
:10037000054A064B7047000089780008890100088B
:10038000285F0020286500202861002028610020C7
:1003900053EA020C00F069802DE9F04B4FF00006A3
:1003A000002B1FBFB3FA83F503FA05F424FA05F610
:1003B0005E4012BF1643B2FA82F502FA05F4C5F1A7
:1003C00020051EBF22FA05FC44EA0C04203556EA3B
:1003D000044C4FEA144418BF641C4FF000084FF05F
:1003E0000009904271EB030C39D3002919BFB1FA0F
:1003F00081F701FA07F6B0FA80F700FA07F6C7F1BD
:1004000020071EBF20FA07FC46EA0C062037B6FB81
:10041000F4FCA7EB0507103F07F01F0BCBF12006FC
:100420000CFA0BFB2CFA06F644BFB3460026202F2D
:10043000A4BF5E464FF0000B5BEA060C08BF4FF00E
:10044000010B19EB0B09ABFB027C48EB0608C01B48
:1004500006FB02CC0BFB03CC71EB0C01C1E70B4696
:10046000024641464846BDE8F08B13B54FF0000008
:100470004FF00001AFF30080BDE81C407047000062
:100480000FB47CB50C0009AA009001D02044401E96
:10049000084B7B4469460190089800F0CAFB05466A
:1004A0001CB10020694600F0D7FB28467CBC5DF8F3
:1004B00014FB0000CD07000070B504468569006894
:1004C000C10601D5302600E02026C00707D070BD48
:1004D000D4E9012130469047206A401C20626D1EFD
:1004E000F6D570BD70B5044685690078C00707D1A0
:1004F00070BDD4E9012120209047206A401C206271
:100500006D1EF6D570BD09684A0501D540B2704729
:10051000C905FCD500B2704709684A0501D5C0B2CB
:100520007047C905FCD580B2704770B50C460546CA
:10053000012A05D02878800600D5EA69002302E068
:10054000012305E05B1C934202D2E05C0028F9D154
:10055000A869E618C01AA861286A184428622846C3
:10056000FFF7AAFF04E0D5E9012114F8010B904739
:10057000B442F8D32846FFF7B5FF70BD2DE9F0412E
:100580000646002410687529314616A510D0FFF7DD
:10059000BAFF002802DA404213A507E031688A0753
:1005A00001D512A502E0490704D511A5012401E0F7
:1005B000FFF7B2FF00210A2206F1240709E0B0FB91
:1005C000F2FCB0FBF2F302FB1C003030785418460A
:1005D000491C0028F3D123462A463046BDE8F041A5
:1005E00000F0C9BA000000002D0000002B00000040
:1005F000200000002DE9FF5F15468A460446DFF81B
:10060000AC80F8440027D8E900103E46CDE9001040
:1006100010E03AF816106A4602A800F056FB411C9A
:1006200007D02178890603D5E269391891420DD89F
:100630000744761C2078800602D5E069B84205DDC3
:10064000AE42E6DB3AF816000028E2D1A069C01BF2
:10065000A0612046FFF730FFD8E90010CDE9001077
:10066000002017E03AF818106A4602A800F02DFBA7
:10067000B0F1FF3F81460BD000250DF1080B05E0DE
:10068000D4E901211BF8050090476D1C4D45F7D3B7
:1006900008F10100B0428046E4DB206A3844206261
:1006A0002046FFF71FFFBDE8FF9F0000BEC300000C
:1006B00070B5044621461068FFF72EFF002104F1B3
:1006C000240505E000F007023032C0086A54491CD6
:1006D0000028F7D12068002307A2050707D5800668
:1006E00000D421B1E069012304A2401EE06120464C
:1006F000BDE8704000F03FBA00000000300000008C
:1007000070B504460D4621461068FFF705FF2188A5
:10071000090502D50F4A7A4402E00E4A7A440E32A5
:10072000002104F1240305E000F00F060009965DA6
:100730005E54491C0028F7D120780023000704D517
:10074000702D02D009B1022311322046BDE870405D
:1007500000F011BAB2C200002DE9F05F89460446EC
:100760004FF0000ADFF874B1FB44C0F820A0204627
:10077000E1688847002874D0252806D0D4E90121F3
:100780009047206A401C2062F1E700265F46204621
:10079000E16888472028054607DB312D05D2781906
:1007A00010F8200C08B10643F1E7B00701D526F098
:1007B0000406C4F81CA00027C4F818A02A2D09D0EC
:1007C000284608F047FE38B304EB8708303DC8F8E8
:1007D000185019E059F8041B204604EB8702916178
:1007E000E1688847012F054618D1E069002820DA22
:1007F00026F020061DE0D8F8180000EB800005EB7D
:1008000040003038C8F818002046E168884705469F
:1008100008F020FE0028EED1012F0AD02E2D08D19D
:100820002046E16888477F1C0546022F46F02006D7
:10083000C4DBA069002803DA404246F00106A0614B
:10084000F00701D026F010066C2D0BD0682D09D0D2
:100850004C2D39D06A2D35D0742D35D07A2D33D02A
:1008600016E038E0E1682F4620468847B842054642
:1008700009D16C2F26D04FF48060E16806432046F2
:100880008847054604E06C2F1AD04FF48070064369
:100890000DB3A5F14100192802D8203546F40066B1
:1008A0004A462946204626604E46FFF7B7FC80B1EF
:1008B00001280BD0F61D26F0070000F1080956E7C5
:1008C0004020E4E78020D8E70020D6E706F10409BD
:1008D0004DE7284652E7206ABDE8F09F88C2000035
:1008E000401ECAB210F8011F8A4202D00029F9D175
:1008F0000020704740EA010310B59B070FD1042A7E
:100900000DD310C808C9121F9C42F8D020BA19BADA
:10091000884201D9012010BD4FF0FF3010BD1AB13F
:10092000D30703D0521C07E0002010BD10F8013B94
:1009300011F8014B1B1B07D110F8013B11F8014BBB
:100940001B1B01D1921EF1D1184610BD10B5431CDE
:1009500002E010F8011B71B18107FAD14FF00132AA
:1009600002C88C1A8C4314EAC211F9D0C01A0A06C4
:1009700003D0C01E10BDC01A10BD0A0401D0801ED5
:1009800010BD0902FCD0401E10BD032A40F2308089
:1009900010F0030C00F0158011F8013BBCF1020FC0
:1009A000624498BF11F801CB00F8013B38BF11F841
:1009B000013BA2F1040298BF00F801CB38BF00F858
:1009C000013B11F0030300F06780083AC0F0088093
:1009D00051F8043B083A51F804CBA0E80810F5E7B9
:1009E000121D5CBF51F8043B40F8043BAFF300809C
:1009F000D20724BF11F8013B11F801CB48BF11F811
:100A0000012B24BF00F8013B00F801CB48BF00F8E0
:100A1000012B7047431A28BF9A427FF6B6AF032ACC
:100A20001044114440F2268010F0030F1EBF11F84D
:100A3000013D521E00F8013D10F0030F7FF4F6AFA8
:100A400011F0030300F07481083AC0F00B8051F8F4
:100A5000043D083A51F804CD40F8043D40F804CD77
:100A6000FFF7F3BF121D5CBF51F8043D40F8043D91
:100A7000AFF30080D20724BF11F8013D11F801CD7A
:100A800048BF11F8012C24BF00F8013D00F801CD4A
:100A900048BF00F8012C704710B5203AC0F00B8019
:100AA000B1E81850203AA0E81850B1E81850A0E872
:100AB0001850BFF4F5AF5FEA027C24BFB1E81850CC
:100AC000A0E8185044BF18C918C0BDE810405FEA3C
:100AD000827C24BF51F8043B40F8043B08BF7047B8
:100AE000D20728BF31F8023B48BF11F8012B28BFBD
:100AF00020F8023B48BF00F8012B704702F0FF03CB
:100B000043EA032242EA024200F03EB94FF00002FB
:100B100000B5134694469646203922BFA0E80C50F3
:100B2000A0E80C50B1F12001BFF4F7AF090728BFCE
:100B3000A0E80C5048BF0CC05DF804EB890028BF4A
:100B400040F8042B08BF704748BF20F8022B11F073
:100B5000804F18BF00F8012B7047704770477047EF
:100B600010B500F039F9006810BD10B5044600F06A
:100B700033F9046010BD2DE9F0470D4699469246C1
:100B8000044600F124080168880604D5E06921F0D4
:100B90001001216000E00120A84201DD471B00E0B8
:100BA0000027A1697A1902EB0900081AA0612078D0
:100BB000C00602D42046FFF77FFC002608E0D4E9F7
:100BC00001211AF806009047206A401C761C20621A
:100BD0004E45F4DB2078C0060AD52046FFF76CFCB2
:100BE00006E0D4E9012130209047206A401C2062B1
:100BF000381EA7F10107F4DC07E0D4E9012118F859
:100C000005009047206A401C2062281EA5F10105BE
:100C1000F3DC2046FFF766FC2078000602D50220B0
:100C2000BDE8F0870120FBE701694A1C02610878F2
:100C3000704700B58FB0CDE901310021059105491C
:100C40007944CDE9031011466846FFF785FD0FB0E2
:100C500000BD0000E5FFFFFF0A6802F8010B0A6013
:100C60007047D1E900239A4202D2531C0B601070E6
:100C7000704710B5436913B1AFF3008001E0FFF78F
:100C800054FC012010BD127800F124010A700022EA
:100C90004A700122EDE711684FF0FF32E9E710B525
:100CA000436913B1AFF3008001E0FFF7A3FC01201B
:100CB00010BD128800F1240182840022C284012226
:100CC000EDE711684FF0FF32E9E770B516460C46C4
:100CD000054600F079F8036893F80101012806D071
:100CE000FF2C0FD8185D68B101202C7070BDD3F8AF
:100CF00007013246214603F2071303442846BDE8A4
:100D0000704018474FF0FF3070BD431A28BF9A4219
:100D10007FF6C2AE104410F0030F11441EBF11F84D
:100D2000013D521E00F8013D10F0030F7FF4F6AFB5
:100D3000103AC0F00A8010B531E91850103A20E995
:100D40001850BFF4F9AFBDE81040530724BF31E994
:100D5000081020E9081044BF51F8043D40F8043D54
:100D600012F0030F08BF7047D20728BF31F8023DC9
:100D700048BF11F8012C28BF20F8023D48BF00F8F9
:100D8000012C70474FF000020429C0F0128010F0CF
:100D9000030C3FF4BDAECCF1040CBCF1020F18BF44
:100DA00000F8012BA8BF20F8022BA1EB0C01FFF7E4
:100DB000AFBE5FEAC17C24BF00F8012B00F8012B15
:100DC00048BF00F8012B704710B500F033F8001D44
:100DD00010BD00BFF596000000487047C85E0020B7
:100DE00000487047C85E00207546FFF7F9FFAE4621
:100DF00005006946534620F00700854618B020B527
:100E0000FFF7B4FABDE820404FF000064FF00007AE
:100E10004FF000084FF0000B21F00701AC46ACE8A2
:100E2000C009ACE8C009ACE8C009ACE8C0098D460F
:100E30007047000000487047E85E002010B5044687
:100E4000AFF300802046BDE81040FFF71BBA00005A
:100E50004FF0013C50F8042B51F8043B9A4221D149
:100E6000A2EB0C03934313EACC1317D150F8042BD5
:100E700051F8043B9A4215D1A2EB0C03934313EAB9
:100E8000CC130BD150F8042B51F8043B9A4209D1F2
:100E9000A2EB0C03934313EACC13DBD04FF000001A
:100EA000704700BFD01A01BAB1FA81F101F0180100
:100EB00022FA01F0CB40C1F12001DBB2C0B2C01A6E
:100EC0002CFA01F3D11A914311EAC311E6D170470C
:100ED00001491820ABBEFEE7260002007047000063
:100EE000034A1070080C5070080A9070D170704757
:100EF000FC4D0020054900200A5CFF2A01D000209B
:100F00007047401CFF28F7D901207047045000208B
:100F1000FEE70000014802F0EABD000028020020C0
:100F200010B588B0002831D00068274988422DD1FB
:100F3000264C607A002829D1A07A082826D8207A61
:100F4000042818D0207A002820D1A07A08281DD1A2
:100F5000D4F80B000590D4F80F0006909DF815000A
:100F60000F2819D89DF81600332811D055280FD016
:100F7000AA280DD010E0D4F80B000590D4F80F008B
:100F80000690A27A606805A906F0D8FB08B010BDEB
:100F90009DF817005128F9D9A17A6A4605A802F0F0
:100FA00091FA0028F2D10A489DF80010C08CC2B214
:100FB000914202D021688142E8D114226946054855
:100FC000FFF76AFDE2E700000068004038590020A2
:100FD00018010020805D0020F0B589B00D4607465D
:100FE0001C46164618216846FFF790FD0020069023
:100FF00007902FB126B1082C02D8B5F5006F02D3A7
:10100000012009B0F0BDCDE900500290CDE9030404
:101010002246314606A8FFF7B8FC06AA69463846BC
:1010200004F0B5FEEDE7F0B589B00D4607461C4665
:10103000164618216846FFF769FD002006900790C4
:101040002FB126B1082C02D8B5F1005F02D30120E0
:1010500009B0F0BD0421CDE900050291CDE90304FA
:101060002246314606A8FFF790FC06AA6946384694
:1010700004F08DFEECE710B58AB004001DD000200E
:10108000009001900E2102900390CDE9040106909A
:101090000120CDE9080107906946204602F010FCC6
:1010A000002808D10221204602F090FB002802D13E
:1010B000204602F021FF0AB010BD0120FBE700002E
:1010C0002DE9FC470C00054607D032B1501E6FF0E9
:1010D0006041A1EBD000A84202D20120BDE8FC870C
:1010E00000206946082A0FD20090019003E0235C9B
:1010F0000B54401CC0B29042F9D313460A4629460D
:101100002048FFF790FFE9E7D60802F0070800271C
:101110008246894618E000BFCDF800A0002049466D
:10112000CDF804A000EBC702A25C0A54401CC0B278
:101130000828F7D3E91908236A461248FFF773FF16
:101140000028CBD17F1CFFB2B742E5D3B8F1000F26
:1011500016D0CDF800A000204A46CDF804A005E046
:1011600000EBC601615C1154401CC0B24045F7D38E
:10117000A91943466A460348FFF755FF0028ADD139
:101180000020ABE72802002030B54FF0FF32094CB9
:101190000CE000BF10F8013B5A400023D50700D0F7
:1011A00025465B1C85EA5202082BF7D3491EF1D273
:1011B000D04330BD2083B8ED014802F031BF0000BC
:1011C00080050020014802F02BBF0000C004002071
:1011D000014802F025BF0000200500200168182307
:1011E000CAB2103AB2FBF3F2054B6FF30901032ABE
:1011F0009B5CC36500D9091D8165084670470000E6
:10120000A4A6000810B5014600208B698A6A4FF039
:10121000C07453B1B3F5005F15D072B1012A0CD080
:10122000022A0AD0032A09D104E01AB1012A06D001
:10123000022A03D1C96AC90100D5012010BDC96ABB
:10124000A142FAD010BD002AF7D0012AF2D0022A1A
:10125000F3D0032AF3D010BD30B50468256825F417
:1012600080252560046863608368402B036803D091
:1012700099600068C26030BD9A600068C16030BD8E
:10128000704700002DE9F05F3A4C8346062020703D
:1012900000256570A5706560A5600227E56005F012
:1012A000CDFD78B9DFF8D080DFF8D0A000264FF070
:1012B000010900BF08EB06204FF48072304905F0A9
:1012C0008DFE10B10420BDE8F09FFFF713FE20B1A2
:1012D000616809FA06F008436060582228492748E7
:1012E000FFF7DAFB254806F0F9FEB0B1607828B1C7
:1012F000DAF80800A168401A00280EDD1F494022D4
:101300001031A1F1A800FFF7C7FBDAF80810C4E913
:10131000021684F80190DAF80470761C202EC9D3E6
:10132000607878B11549402298395846FFF7B4FBE8
:10133000607838B1012F05D1B0EE080A8BED090AAB
:1013400084F802900D4840225946D838FFF7A4FB94
:10135000607828B90948402259469838FFF79CFB25
:1013600003F0E0F8A061257060780028ABD0012080
:10137000A9E700009000002000E0FF00DC51002001
:10138000045000202DE9F84F8C4C05460E4620787D
:1013900006282CD0284600F01DF9002878D04022DD
:1013A00087492846FFF7A6FA28B1402229468448F3
:1013B000FFF772FBA661DFF80882207808F1800849
:1013C00008F11001DFF8FC914FF0030A4FF6FF7BA4
:1013D0000125009170B12269012809EB02274FF025
:1013E000000956D0042854D0052852D05CE00420CF
:1013F000BDE8F88FA07838B9714940224031704873
:10140000FFF778FA0028F3D0A069301AB0F5FA6F28
:101410003ED36D48C8F800000220C8F80400A06858
:101420004746401CC8F8080040200246C8F80C0097
:1014300063490098FFF730FB614850218030FFF787
:10144000A3FE386561487865E068676820F00F01A1
:10145000084601F1100204E005FA00F33B4202D114
:10146000401C9042F8D3904201D2206147E081F0C5
:101470001000206109EB002005F0CAFC00286FD1A4
:10148000217C0BFA01F06168E6618143616025709F
:1014900068E005F0CFFD012862D0032860D0022863
:1014A0000CD0207801280FD0C0B2022810D0032819
:1014B00028D0042835D0052856D053E0E069301AEA
:1014C000B0F57A7F76D84DE00220C4F8149046E05B
:1014D00060694FF4807207EB00203D4905F07EFD06
:1014E000F0BBFFF707FDD8B36069401C60611028AE
:1014F00038D1217C0BFA01F061680843606084F800
:1015000000A02FE0207C2E49854060685422A8432B
:1015100060608031384605F037FD08BB0420E66185
:101520001DE027495822D831384605F057FDB8B993
:1015300023495422803101F15800FFF7DBF978B9D3
:101540001F48D830406D401C34D11D490422D4318D
:1015500007F1540005F018FD10B90520E66100E020
:1015600028E02070032043E715495822D831384637
:1015700005F034FDF0B912495822803101F15800CC
:10158000FFF7B8F9B0B90E48D83006F0A7FD88B11A
:101590000B48402240300099FFF77EFAD8F8080047
:1015A000A0602069E060657084F8029084F8009083
:1015B00002201DE7BDE8F84F02F000B990000020BE
:1015C0000451002000E0FF00494C4350544D4F436C
:1015D00004500020214A10B5002102F1400300BF51
:1015E00000EB810494ED000A02EB8104D4ED000AC3
:1015F000B4EEE00AF1EE10FA2DD303EB8104D4ED42
:10160000000AB4EEE00AF1EE10FA24DC491C1029BD
:10161000E6D390ED090AFCEEC00A10EE901A89B2EA
:1016200000EE901AF8EE600AB4EE600AF1EE10FADD
:1016300011D190ED0A0AFCEEC00A10EE900AC0B279
:1016400000EE900AF8EE600AB4EE600AF1EE10FACD
:1016500001D1012010BD002010BD0000C4A600086B
:1016600000680349884202D102490120087070478E
:1016700000100140180100202DE9F04118212948EF
:10168000FFF744FA284E0025A6F18004F561356283
:1016900065857562B562A57125726572A5726584EE
:1016A000E5706571E5719FED210A84ED110A84ED05
:1016B000120A84ED130AE572012727730320E084E0
:1016C0002776657684ED1C0A84ED1D0AF0EE000A8B
:1016D000C4ED1E0AF6EE000A1248C4ED1F0A86ED9C
:1016E000000A14211438FFF711FAA576E57625775C
:1016F0006577A577756000F0B5FB02F013FFF06029
:10170000F068C4E917500A4890F82000022802D077
:10171000082001F0B1FE65702770BDE8F04100F0CF
:101720005DBA0000945D00209801002000000000D8
:101730002802002070B50E4600681B49884231D14E
:101740001A4C207800282DD18815864202D90646E9
:10175000002501E000251FE01548002200F58073F8
:10176000415D0D2908D00A2906D0608C3F2810D28F
:101770001954401C60840DE0608C58B11A54628486
:1017800002F0D0FE09498031C8600A4800F02AFC06
:1017900000E062846D1CADB2B542DDD3BDE870409F
:1017A00000F080BA70BD0000001001401801002058
:1017B0004C5900204C5A00202DE9F0432DED028BAE
:1017C000ADB002F0AFFEF04C0546206E281A04F0D2
:1017D000C1FD256600F044FA01F088FB05F08EFAA1
:1017E00004F010FF002510B1E57100F0C3FA00F01D
:1017F000F5F901F051FC01F0B9FB02F093FEDFF8BE
:10180000889309F18009D9F80C10E04F401AFF269F
:10181000B0F57A7F1AD9FD75FD7225776577A576C3
:1018200006F0CCFC20B9607A18B1607A062800D89E
:101830006672E07910B1E57100F09CFA607EA17FDC
:10184000084303D06576A57701F08AF8EFF310809E
:1018500072B6E178E5704FF0010821B184F8048098
:10186000E571257200E0257100B962B671B1FD75B0
:10187000FD722572E5716672A57200F07BFA6576DD
:10188000A577A576657701F06BF82571607940B191
:1018900025726571E5716672A57200F06BFA05F04C
:1018A00093FAA079A8B1EFF3108072B6D4ED0E8A46
:1018B00094ED0F8AA571E57125726672A57200B963
:1018C00062B600F057FAF0EE480AB0EE680A05F08A
:1018D00047FA01F065FA01F0EDF801F029F901F09D
:1018E000CDFA01F003FB01F051F801F073F901F0BA
:1018F000BDF91DA800F0F8F902F014FE01461DA87C
:10190000FFF740FD022802D0042802D009E0112090
:1019100005E094F8210020B984F82180122001F01C
:10192000ABFDDFF86C8298F8410020282CD1207D97
:10193000617D984E88426BD0217D06F16400415C48
:10194000072926D0217D415C1A294BD0217D415C9D
:10195000142955D0217D405C8F4951F820603046D4
:10196000FEF7F4FF85B22A4631468A48FFF70DF8A4
:101970002A468849864804F0ADF9002804D1207D24
:10198000401C00F00F0020752DB0BDEC028BBDE8AF
:10199000F08382A17F48D1E9002140387D4DC0E924
:1019A00010217D49002074358C314FF0200C227DB0
:1019B00005EB8202125C01EB121302F00F021F789A
:1019C00000EB40033344401C1F728A5C5A72C0B261
:1019D00083F80AC00428EAD30D20F0740A20307579
:1019E0001525C5E7207D694900EB4000D43901EB9E
:1019F00080026421674800F0C9F90500BFD0B7E74D
:101A0000207D644900EB4000B43101EBC006A6E73D
:101A1000E07C0028B8D1EFF3108772B614225B493E
:101A200018A81439FFF738F807B962B65E4A5F495B
:101A30005F4804F0D7FB5E48D0ED001A5B4890ED9C
:101A4000002A5C4890ED001A5B48D0ED000A9FED3B
:101A50005B0A554861EE801A21EE001ACDED001A9E
:101A600062EE001A20EE800ACDED011AD0ED001AC8
:101A70005348CDED021A8DED031A8DED040A90ED59
:101A8000000A50488DED050A90ED000A4E488DED94
:101A9000060A90ED000A4D488DED070A90ED000A08
:101AA0004B488DED080A90ED000A4A488DED090A71
:101AB00090ED000A48488DED0A0A90ED000AB8EE54
:101AC000C00A8DED0B0AE08C00EE100AB8EE400A59
:101AD0008DED0C0A9DED190A8DED0D0A9DED1A0A8A
:101AE0008DED0E0A9DED1B0A8DED0F0A9DF861002C
:101AF00000EE100AB8EE400A8DED100A9DF8700055
:101B000000EE100AB8EE400A8DED110A9DF8710042
:101B100000EE100A0020B8EE400A8DED120A94ED96
:101B20001C0A8DED130A94ED1D0A8DED140A94ED37
:101B30001E0A8DED150A94ED1F0A8DED160A99ED1A
:101B4000000A8DED170A694651F8203046F820301A
:101B5000401C1828F8D306F8605F80207570B070BC
:101B60007F20F07098F8410020287FF40DAF6422A8
:101B70000849074804F0AEF800283FF405AF606B51
:101B8000401C606300E7000018010020945D002005
:101B9000E00200208C5A002024C900085A44542036
:101BA00052583A2000000000100200200C020020D1
:101BB00008020020180200201C020020CDCCCC3DE1
:101BC00020020020EC010020F0010020F4010020A0
:101BD000F8010020FC010020A85E002038B51C4C54
:101BE0002078002833D060781A4D90B995F84100DC
:101BF00020282CD11849284603F0F9FF002826D1C7
:101C0000164A0421284603F0B7FF00281FD10120FF
:101C10006070E86B02F000FA052818D00D4803F058
:101C200088FC002813D1E86B02F0F6F9012804D0F3
:101C3000E86B02F094F9002809D1286800210268B5
:101C4000406800906184BDE8384000F02BB838BD92
:101C500018010020E0020020351700086116000876
:101C600070B502F05FFC0D4991F8411000250C4C55
:101C700020290DD0A17869B1E16A401A642808D3FF
:101C8000064803F0A1FC002803D1206B401C206310
:101C9000A57070BD0121A170E06270BDE00200205E
:101CA0001801002070B5EFF3108472B600200B4DC0
:101CB00028704FF480720A490A4803F0F6FB28B1F5
:101CC00001202870002C00D162B670BD0548C06BA1
:101CD0000068016821F008010160F3E718010020A5
:101CE0004C590020E002002070B50446EFF3108547
:101CF00072B600201D4900BF01EB0012526892ED40
:101D0000000A04EB8002401C82ED000A0728F3D38E
:101D100004F12001081F04F0B1FD1548C18C00EE4C
:101D2000101AB8EE400A84ED090A017E00EE101A7E
:101D3000B8EE400A84ED0A0A90ED1C0A84ED0B0A05
:101D400090ED1D0A84ED0C0A90ED1E0A84ED0D0A3B
:101D500090ED1F0A803084ED0E0A90ED000A002DF0
:101D600084ED0F0A00D162B670BD000054C80008AF
:101D7000180100200448017B09B1807B08B104F000
:101D8000FFB904F0F1BA0000180100202DE9F84372
:101D90000D46117880461746B9B11C23002D4CD052
:101DA0007878062813D0082847D2917800912449E2
:101DB00051F8202029464046FEF762FB00283CDD12
:101DC000A8423ADA80B2BDE8F8832323E6E769B196
:101DD0004FF4007000901BA229464046FEF750FBCE
:101DE00004002AD4AC4228DA002612E04FF48070B6
:101DF000F0E7B819291B0379894608EB040017A2FC
:101E0000FEF73EFB002818DB814516DD761C0444F6
:101E1000F6B2F878B04201D9082EEAD3A01CA84245
:101E20000BDA0D21601C08F804100A2208F80020C3
:101E30000022A01C08F80020C0E70020C3E7000033
:101E400090C900085325752052582043414E3D2526
:101E500030345820444154413D0000002530325870
:101E60002000000010B590B06846FFF73DFF6846BF
:101E7000FFF708FA264C04280AD0002184F8211024
:101E800001280AD05FF0100001F0F6FA10B010BD82
:101E9000012184F821101220F6E71E4A002069462D
:101EA00001EB800393ED000A02EB0013401C5B681A
:101EB000072883ED000AF3D3DDED080A9DED070A3C
:101EC00004F04EFF9DED090ABCEEC00A10EE100AA8
:101ED000E0849DED0A0ABCEEC00A10EE100A2076DE
:101EE0009DED0B0A0A4884ED1C0A9DED0C0A80301A
:101EF00084ED1D0A9DED0D0A84ED1E0A9DED0E0A6E
:101F000084ED1F0A9DED0F0A80ED000A0F20BBE74C
:101F10001801002054C8000810B59FED300ADFED0D
:101F2000300AB7EE001A0022C8B3C1B300E0401C6B
:101F30000378202BFBD0092BF9D0DCB22D2C02D05A
:101F40002B2B02D002E0BFEE001A401CB2EE042A96
:101F50000378303B092B0CD801EE903AF0EE402A82
:101F60000122F8EEE11A401CB0EE610A02EE820A8C
:101F7000EEE703782E2B14D1B0EE602A09E000BF03
:101F800001EE903A0122F8EEE11A01EEA00A60EEAD
:101F9000820A10F8013F303B092BF1D901E015E02E
:101FA000401C0378202BFBD0092BF9D072B1B5EE81
:101FB000C00AF1EE10FA09D310EE102AB2F1FF4F69
:101FC00004DA13F0FF0F03D02C2B01D0002010BD3A
:101FD00021EE000A012081ED000A10BD0000000082
:101FE000CDCCCC3D2DE9F04786B0044600E0641C22
:101FF00020782028FBD00928F9D0F74890F8200055
:1020000001270026022814D00222F4A1204601F064
:1020100006FA002869D00322F1A1204601F0FFF959
:10202000002862D00322EFA1204601F0F8F9002831
:102030005BD0204600F0FAFA002859D1EAA12046E8
:1020400001F0D0F9EA4D002851D0EAA1204601F074
:10205000C9F900284CD0E9A1204601F0C3F90028B5
:1020600049D0E8A1204601F0BDF9002845D0E7A1FC
:10207000204601F0B7F9002843D0E6A1204601F040
:10208000B1F900283DD0E5A1204601F0ABF90028C8
:1020900039D00A22E3A1204601F0C1F978B3E4A1C6
:1020A000204601F09FF958B30422E3A1204601F035
:1020B000B6F9D8B3E2A1204601F094F9B8B3E2A191
:1020C000204601F08FF998B30722E2A1204601F0E3
:1020D000A6F970B30422E1A1204601F0A0F948B3AB
:1020E000687CA946002871D192E009208DE0EF704C
:1020F00006B0BDE8F0876F71FAE7AF76F8E704E065
:1021000019E0EF76F4E72F77F2E7694604F10A0069
:1021100000F04AFA0028EBD09DED000A85ED0E0A8A
:102120009DED010A85ED0F0AAF71E1E705E008E0DA
:1021300009E00BE02FE0EE74DAE7201D00F05CFB15
:10214000D6E7EF72D4E70220E872D1E714F8070F60
:10215000A0F13001072901D2617809B1172054E0BC
:10216000302805D001F076F9E0B1E87860B903E0F5
:10217000FF206872162048E0687928B9A87918B954
:10218000687C08B9287C08B118203EE020783038F7
:102190006872152039E0EF7401F05CF910B1E8784D
:1021A00090B901E00A2030E0687968B9A87958B997
:1021B000687C48B9287C38B906F000F820B9687AFC
:1021C00028B1687A062802D801201EE02CE0694672
:1021D000201D00F0B1F9B8B1BDF90020012A13DBD0
:1021E000042A11DCBDF9041001290DDB05290BDCE3
:1021F000EE712E727E4896300280BDF80220428039
:1022000081802F74002000E0022001F035F96FE793
:1022100099F810004D4638B905F0D0FF20B9687A1A
:10222000B8B1687A062814D807228EA1204601F09A
:10223000F6F8002884D005228CA1204601F0EFF8A2
:102240000028E4D009228BA1204601F0E8F80028FC
:10225000DDD0072283A1204601F0E1F838B1002744
:10226000042287A1204601F0DAF818B325E099F896
:1022700003004D460028CAD168790028C7D101F073
:10228000E9F80028C3D06946E01D00F055F90028A0
:10229000BDD05748BDF8001090300180BDF8021045
:1022A0004180BDF80410818002F03CF92865EE7190
:1022B0002F721DE720793D2806D009226DA1204606
:1022C00001F0ADF810B10BE1651D02E004F1090564
:1022D0000127EDB300960196029634462878EA4627
:1022E0004FF003080026D0B91BE003A92846FFF7EA
:1022F00013FE00288BD00AEB86009DED030A761CA6
:1023000080ED000AF6B200E06D1C287848B12C2858
:10231000FAD115F8010F0028CBD04645C9D0464563
:10232000E3D3022EC5D301F095F80028C1D099F867
:10233000031048460029BCD141790029B9D18179DF
:102340000029B6D1032E0AD34F4A0299914200E0E8
:10235000C6E002D84D4A914201DD0C2055E74C49B8
:102360009FED4C0A009A8A4201D98DED000A4A4A33
:10237000DFED4A0A009B934201DDCDED000A019B8F
:102380008B4201D98DED010A0199914201DDCDED1C
:10239000010A9DED001AF2EE040AB6EE000AB5EE4F
:1023A000C01AF1EE10FAF0EE401A02DB41EE201AEC
:1023B00001E051EE201ABDEEE11AB8EEC11A8DED22
:1023C000001ADDED011AF5EEC01AF1EE10FA67DB26
:1023D00001EEA00A66E063E028020020444D000000
:1023E000533238005333350053544F50000000002F
:1023F0001801002050494E47000000005A45524F36
:1024000000000000444D454E00000000444D4F4682
:1024100046000000444D53544F500000444D5A456F
:10242000524F00004F50534F46465345543D000015
:10243000564F464100000000474554200000000070
:10244000574845454C454E00574845454C4F464634
:102450000000000056545241434B3D005A44543D45
:10246000000000004D414E55414C3D00474F544F38
:102470003D000000474F544F484F4C443D00000082
:10248000474F544F00000000000061C50000614547
:10249000000096C3000096C30000964300009643D8
:1024A00011EEA00ABDEEC00AB8EEC00A8DED010A19
:1024B000047280ED111A80ED120A032E02D39DEDF5
:1024C000020A02E01B4991ED000A80ED130A016C3B
:1024D000491C01640FB1022100E00121C17107E62E
:1024E0003D212046FEF7FCF90500F8D02E702C2186
:1024F000681CFEF7F5F90028F1D104A9681CFFF764
:102500000BFD0028EBD02078442801D0642804D1AA
:1025100060784D2807D06D2805D09DED040A20462F
:1025200000F0FAFEE4E59DED040A204600F00AFE04
:10253000DEE5000010020020F0B50023057801243C
:1025400000222D2D02D02B2D02D002E04FF0FF34BF
:10255000401C0578303D0A2D1ED26FF02F064FF437
:1025600096770578A5F1300CBCF1090F08D802EB7D
:10257000820206EB42022A44401CBA42F1DD0BE023
:10258000624321F81320022B04D210F8012B2C2ACD
:1025900002D103E002780AB10020F0BD5B1CDBB27F
:1025A000032BCBD30120F0BD2DE9F0410F460446AB
:1025B00000252278002120462B2A01D02D2A03D184
:1025C000441C01E00121641C2278303A092AF9D91F
:1025D00022782E2A07D100BF14F8012F303A092A99
:1025E00001D80121F8E779B107EB85010E46FFF725
:1025F00093FC48B10B493068884205D80A498842A3
:1026000002DC25B1207830B10020BDE8F08114F85B
:10261000010B2C28F8D16D1CEDB2022DC9D301207D
:10262000F3E700000000FAC30000FA43FEB50546D8
:1026300003224EA100F0F3FE38B103224CA128463C
:1026400000F0EDFE18B10020FEBD002400E00124E2
:10265000ED1C48A1284600F0C5FE484F0026D8B121
:1026600047A1284600F0BEFEF8B147A1284600F079
:10267000B9FEE0B146A1284600F0B4FEB8B105228B
:1026800044A1284600F0CBFEE8B1042243A128462D
:1026900000F0C5FE90B361E004EB440007EB80005E
:1026A000C67200231A4601215BE0012505E036A130
:1026B000284600F097FE20B1052502960196009667
:1026C00037E00425F9E702226946681D00F06AF840
:1026D000F0B300989CB140F27D61A0F5966088420D
:1026E0003CD20198022839D341F21E61884235D884
:1026F000029000980225CDE900601AE009E0A0F5FB
:10270000D770B0F5C86F29D8019808B3642825D8C8
:10271000EEE703226946281D00F044F8C0B1009896
:1027200001281BD8029898B140F6B831884215D8D4
:10273000032504EB440007EB80060099B172019970
:1027400047F820100298308101F0ECFE706000E044
:1027500004E0F57200231A46194602E000231A46E7
:102760000221204600F008FE0120FEBD5333350053
:102770005332380043414E43454C0000945D0020E5
:10278000484F4D450000000053544154555300003C
:10279000454E00004D4F56453D0000005241573D0B
:1027A00000000000F0B500231DE0002426460A27A3
:1027B0000AE0EE43B6FBF7F6A64218D304EB840416
:1027C000012605EB4404401C0578303D092DF0D965
:1027D0006EB141F823405B1C934203D204782C2C49
:1027E00005D1401CDBB29342DFD3007808B1002052
:1027F000F0BD0120F0BD00002DE9FC470D26544F2F
:102800008046002507EB05144046216800F0EAFDEC
:1028100038B16D1CB542F5D3132000F02DFEBDE894
:10282000FC87EFF3108972B6DFF828A19AF81550EB
:102830009AF81400691C01F00F0686427ED04649C2
:1028400005EB450001EBC003002002E01954401CD9
:10285000C0B22168095C09B10C28F7D33D21195495
:102860006168401CC0B291ED000AB5EEC00AF1EEFD
:1028700010FA02DBF6EE000A01E0FEEE000A9FED20
:10288000371A40EE010ABDEEE00A10EE101A0029D8
:1028900004DA2D221A54401CC0B249424FF47A7215
:1028A00091FBF2F791FBF2F402FB171700210A22C9
:1028B000EC4624B930218DF8001001210FE094FB83
:1028C000F2F802FB184894FBF2F408F130080CF817
:1028D0000180491CC9B24CB10829F0D306E0491E59
:1028E000C9B21CF801401C54401CC0B20029F6D1EA
:1028F0002E211954642197FBF1F191FBF2F402FBB4
:102900001414191830344C7097FBF2F494FBF2FC59
:1029100002FB1C4430348C7097FBF2F402FB1474FD
:102920003034001DCC70C0B20D2119541844002160
:102930004270817008491420503900E002E0485587
:102940008AF81560B9F1000F7FF469AF62B666E7E7
:1029500054C8000818010020405B002000007A44A1
:1029600070B5094C0025A5776576E07F00280AD16F
:10297000E08C208501F0D6FD04F180018860012003
:10298000E07784F8205070BD180100202DE9F04157
:10299000474CE07E002520B1E5766577A576FFF708
:1029A000DFFFE07F94F82010084314D1A07F0228B5
:1029B00011D0617F09B9A17E69B1617E014301D166
:1029C000A07E08B1012600E00026FFF7C9FFA67629
:1029D00065770220A077364EE07F0127803690B1E0
:1029E000208D00F0BCFDA0B101F09CFDB168401A43
:1029F000B0F57A7F07D3E57784F820706577A57600
:102A00000D2000F039FDE07F94F82010084302D03B
:102A100011E0E577F7E7A07F02280CD1217EE08C5A
:102A200000F07AFE38B9A07E00B10120A077A5762B
:102A300001F078FD7060207F48B1E07F38B994F8EC
:102A4000200020B9E08C00F091FE00B92577A07F2E
:102A500001280ED1E07F60B994F8200048B901F058
:102A600061FD7168401A642803D3E08C00F07AFDA0
:102A700070B1607E002819D0207E01280BD0D4EDE3
:102A80001D0A94ED1C0AE08CBDE8F04100F00ABE7E
:102A90006776A577F0E704F1700096ED002A90ECD8
:102AA000040AE08CBDE8F04100F08ABDBDE8F08189
:102AB0001801002070B51C4CE079002833D000F0DC
:102AC000C9FC002568B1C82003F02AFF70B1EFF3FC
:102AD000108072B604F14401266C91EC030A38B1FF
:102AE00007E0E571BDE8704003F04ABBE57116E010
:102AF00062B6DFED0E1A03F08FFBEFF3108172B6B2
:102B000048B1E079012805D1206C864202D101202C
:102B1000E57100E0002001B962B6002803D0BDE8ED
:102B20007040FFF727B970BD1801002000000000B9
:102B30002DE9F041EFF3108672B6DFF8948098F833
:102B4000087008F19000018861F30F0441888088C3
:102B500061F31F4460F30F0587B101F0E3FCD8F87F
:102B600050204146801AB0F5AF7F07D90020087287
:102B700060F31F4460F30F0560F30F0406B962B6FB
:102B8000002F23D000F066FC10B120B220B107E086
:102B9000BDE8F04103F0F4BA211401D129B289B1A2
:102BA00029B200EE101A2114BDE8F041B8EEC01AA7
:102BB00000EE101AF8EEC00A00EE100AB8EEC00AD5
:102BC00003F0A2BBBDE8F04103F0CEBBBDE8F0814D
:102BD00018010020F0B5244E002485B02746A6F148
:102BE0007205DCB14FF40070694604F079FD10B352
:102BF00056F82410009888421DD046F824006B46F1
:102C000000220621204600F0B7FB9DF808000328AB
:102C100011D302A9405C6B2803D00CE04FF4807004
:102C2000E2E79DF80900295D884216D018B99DF8A1
:102C30000A00EE2811D0285D80B101F073FC0A492A
:102C4000083151F82410401AB0F5FA7F06D32A5DF6
:102C500000230721204600F08FFB2F55641CE4B2AF
:102C6000022CBED305B0F0BDB40100202DE9F84F11
:102C7000DFF82481002400BF4FF00109EFF3108733
:102C800014B34FF4007000BF4FF0000A009072B60A
:102C900004EB440B08EB8B064546F07A70B101F06B
:102CA00041FC7168401AB0F57A7F07D90020F072B4
:102CB000034602460521204600F05EFBF07AA0B3F1
:102CC0003648005D88BB02E04FF48070DCE7F07AA4
:102CD00001280CD0F07A02280FD0F07A03281AD0FD
:102CE000F07A042822D0F07A052825D02FE04FF082
:102CF0009A0A009803F06CFC23E04FF0FD0A2CB117
:102D0000318955F82B0003F0C6FB1AE029892868A1
:102D100003F0E5FB15E033894FF0FD0A55F82B2051
:102D2000B07A009903F0FEFB0BE01BE04FF03A0A8B
:102D3000009804F039FD04E04FF0F30A009804F025
:102D4000B3FC5FEA00090FD0B9F1020F0AD00023EB
:102D500052460421204600F00FFBB9F1020F01D0CA
:102D60000020F07287B110E00C4901F804A001F0D6
:102D7000D9FB0A4900237A31524641F82400032145
:102D8000204600F0F9FAEBE762B6641CE4B2022CCC
:102D9000FFF472AFBDE8F88F945D0020420100207F
:102DA000FEB5EFF3108072B6324C667A002565727C
:102DB00000B962B6FF2E06D0C6B100F04BFB90B151
:102DC000607C80B907E005F0DDFAA07A08B1FEF773
:102DD000D1FFA5720AE0207C28B9E07818B96079A3
:102DE00008B9A07958B1182000F046FB05F0E6F9C3
:102DF000C0B100F02FFB70B1E07860B907E0E57179
:102E00002572FEF7B7FF304605F0A6FAE1E76079D4
:102E100008B9A07930B105F0B5FAA07A08B1FEF78B
:102E2000A9FFA57205F0CAF9064601F07BFB6946C9
:102E300005F0CAF92EB105F0C1F910B9192000F05A
:102E40001BFB05F0BBF958B19DF8080060B19DEC83
:102E5000020A9FED091A03F057FA0120A072FEBD85
:102E6000A07A20B9A572FEBDA07A0028FBD0FEF79B
:102E700081FFF7E718010020000000002DE9F04174
:102E8000EFF3108072B6184CE67A0025E57200B9AF
:102E900062B60127A6B1E5712572657205F08EF95B
:102EA00008B105F06FFAA57265732573E573A57314
:102EB00003F05AFA012E10D0BDE8F04103F074B9C6
:102EC000607B002807D001F02DFB616D401A64285B
:102ED00001D365732773BDE8F08103F074F901F045
:102EE00021FB60656773F6E7180100202DE9F041CA
:102EF00005F058FD1C4C0025E16D884219D0A07BDF
:102F0000B8B90120E073A07301F00CFBA0656573F4
:102F1000257325746574E5712572657205F04EF9A7
:102F200008B105F02FFAA57203F02AF90E2000F07F
:102F3000A3FAE07B98B101273E46304605F000FD3C
:102F400000B10027761CF6B2042EF6D937B901F08D
:102F5000E9FAA16D401AB0F57A7F00D3E57305F068
:102F600021FDE065BDE8F081180100202DE9F8435E
:102F7000EFF3108072B6474CE2782AB962791AB939
:102F8000A2790AB9E27A02B10122277C414B963339
:102F90001E8866F30F055E889B8866F31F4563F302
:102FA0000F014FF00009884684F8109001260FB1F8
:102FB00002B9667400B962B672B1657C0DB100F0F9
:102FC00073FA3D4302D0052000F056FA84F81190C0
:102FD00084F81690BDE8F8833FB3684605F02EFDEF
:102FE0000028FAD1A675F620E07501F09BFA0126BB
:102FF000EFB2E066B742304602D105F01CFE01E0B8
:1030000005F09EFC761CF6B2042EF3D9A7742914A1
:103010003846A1844FF47A7318FB03F2A26608D0F5
:1030200005F0A6FC01F07EFA6066607C012806D0FF
:103030001FE000F039FA042000F01EFACAE701F0A0
:1030400071FA616E401A642813D3B4F92400002881
:1030500001DA414200E001468AB2C10F6423A07C3C
:1030600005F0C8FD01F05EFA60660220607403207E
:103070000CE0607C0228ADD101F054FA616E401A78
:10308000A16E8842A6D300F00FFA0420BDE8F843F1
:1030900000F0F2B918010020F8B505F057FD05F071
:1030A00077FD0025254C34E088B19DF80000A17C17
:1030B00088420CD19DF80100E17D884207D19DF83E
:1030C0000200A575022802D00B2000F0D5F9E07CA3
:1030D000F8B1EFF3108172B6607D401C00F00F0272
:1030E000207D824213D0164E00206B46677D13F878
:1030F00000C006EB870707F800C0401CC0B20428D8
:10310000F4D30F4B0720667D103B9855627501B9CB
:1031100062B6684605F092FC0028A07DC4D1002864
:103120000AD001F0FFF9E16E401AB0F5FA7F03D33F
:10313000A575062000F0A0F9F8BD000018010020D8
:10314000005B002070B505462DED028BB0EE408A85
:1031500057A100F047F9FCEEC88A574C48B357A175
:10316000284600F03FF9E8B356A1284600F03AF9A6
:10317000C8B356A1284600F035F9A8B355A1284692
:1031800000F030F9DFED558A78B355A1284600F0FC
:1031900029F958B354A1284600F024F900281ED17B
:1031A00018EE100A524A5349904276D9BAEE048A70
:1031B00079E0607EA17F0843E17F084394F8201006
:1031C00008430CD118EE100AB0F17E5F07DB18EE51
:1031D000100A4949884202DC18EE900AE084BDECEE
:1031E000028B70BD03E00FE020E031E042E018EE1A
:1031F000100AA0F17E50B0F5000FF0D818EE900A3A
:10320000207601206077EAE718EE100A3B4A3C4935
:10321000904202D9BAEE098A05E018EE100A8842F7
:1032200001DDB2EE098A84ED1C8AD8E718EE100A97
:10323000344A3549904202D9BBEE0E8A05E018EEB9
:10324000100A884201DDB3EE0E8A84ED1D8AC6E7BE
:10325000B5EEC08A2D49F1EE10FA02D2B0EE688ABE
:1032600005E018EE100A884201DD9FED298A84ED01
:103270001E8AB4E7B5EEC08A2649F1EE10FA02D2F2
:10328000B0EE688A05E018EE100A884201DDB1EE62
:10329000048A84ED1F8AA2E7FFE718EE100A88422D
:1032A00001DDB2EE048A0448803080ED008A96E7A2
:1032B000444D49440000000018010020444D4D4F8A
:1032C00044450000444D504F53000000444D5645C6
:1032D0004C000000444D4B50000000000000000076
:1032E000444D4B4400000000444D544F5200000038
:1032F000000020C10000204100E0DF44000048C180
:10330000000048410000F0C10000F0410000FA4315
:103310000000FA430000A0402DE9F0410D262DEDFC
:10332000028BB0EE408A134D0746002405EB0410D3
:103330000168384600F056F830B1641CB442F5D349
:10334000BDEC028BBDE8F08105EB041090ED020AA4
:10335000B4EEC80AF1EE10FA06DC90ED030AB4EE02
:10336000C80AF1EE10FA01D2B0EE408A406880ED52
:10337000008AE5E754C80008F0B5EFF3108672B68E
:10338000154C657D6D1C05F00F07257DAF421FD0E4
:10339000657DDFF848C005EB45050CEB85054FF072
:1033A000000CC5F800C0C5F804C0C5F808C02870F6
:1033B0006970AA703BB1187AE870D3F809006860A8
:1033C000D3F80D00A8600649627D1A2088546775FD
:1033D000002E00D162B6F0BD18010020C05C0020B4
:1033E000F05A002010B50FE0A3F16104192C01D8A8
:1033F000203BDBB2A2F16104192C01D8203AD2B2F1
:1034000093420AD1401C491C03781BB10A78002A58
:10341000EAD102E00878002800D0012010BD70B584
:10342000002511E0435D4C5DA3F16106192E01D822
:10343000203BDBB2A4F16106192E01D8203CE4B296
:10344000A34205D123B16D1C9542EBD3002070BD82
:10345000012070BD0748017B39B1417B29B9817BCF
:1034600019B9C17A09B9007908B100207047012063
:10347000704700001801002030B5EFF3108172B6DC
:10348000074A537D147D5B1C03F00F03A34203D056
:10349000044C557D60555375002900D162B630BD8E
:1034A00018010020F05A002010B5054CA07C05F052
:1034B000C2FBFEF75FFC00206074A07510BD000029
:1034C000180100202DE9F0410E460500144602D0F7
:1034D0000CB1062E02D20120BDE8F0811421104665
:1034E000FDF714FB2878F2EE090A00F00F002070B7
:1034F0002878BAEE090A00096070E978B5F8010089
:103500000A01297940BA42EA11186A7901F00F01DB
:1035100042EA0127102100F02DF984ED010A0C2167
:10352000F3EE0E0ABBEE0E0A404600F023F984EDDE
:10353000020A0C21F2EE040ABAEE040A384600F040
:1035400019F984ED030A062E01D9A8792074072EF3
:1035500001D9E87960740120A0740020BCE7FD2146
:1035600000F0B8B8FC2100F0B5B8B0B1102814D8FC
:10357000B4EEE01AF1EE10FA0FD901218140491E94
:1035800001EE901A31EE602AB4EEE00AF8EE612AFC
:10359000C2EE821AF1EE10FA01D800207047B4EEA4
:1035A000C10AF1EE10FA01DB88B2704730EE600A12
:1035B00020EE210ABCEEC00A10EE100A80B270475D
:1035C0002DE9F04180462DED048B82B0F0EE428A69
:1035D000B0EE619AF0EE419AB0EE608AB0F5E06F1D
:1035E00053D21020B2EE091AFAEE090AFFF7BDFF16
:1035F00007460C20B3EE0E1AFBEE0E0AB0EE480A98
:10360000FFF7B3FF9FED258A06460C209FED221A97
:10361000F0EE480AB0EE690AFFF7A7FF05460C2056
:10362000B1EE041AF0EE480AB0EE490AFFF79DFF2A
:1036300004460C20B2EE041AFAEE040AB0EE680A50
:10364000FFF793FF390A8DF800108DF801703109EA
:103650008DF80210C5F3032141EA06118DF803101D
:103660008DF8045021098DF80510C0F3032141EABB
:1036700004118DF806108DF8070008236A464146AC
:103680000748FDF7A9FC002800D0012002B0BDECDE
:10369000048BBDE8F08100000000FA430000000048
:1036A000280200201CB500F5807189B2B0F5E06FEA
:1036B0000BD2B1F5006F08D208236A4604488DEC9E
:1036C000020AFDF789FC002800D001201CBD000083
:1036D000280200201CB5B0F5E06F18D2FF228DF84B
:1036E00004208DF805208DF800208DF806208DF837
:1036F00001208DF802208DF807108DF80320014677
:1037000008236A460348FDF767FC002800D0012023
:103710001CBD0000280200201CB5B0F5E06F20D2CF
:10372000012901D002291CD18DF80000000A8DF872
:10373000010055208DF802000A208DF803008DF855
:10374000041000208DF805008DF806008DF80700A4
:1037500008236A4640F2FF710348FDF73DFC00284C
:1037600000D001201CBD000028020020FE21FFF730
:10377000B1BF000031B1102904D8F4EEC00AF1EE57
:1037800010FA02D89FED0B0A704701EE900A012251
:1037900030EEC01A8A40521EF8EE611A00EE902AEE
:1037A000F8EE600A21EE811AC1EE201A31EE800A8D
:1037B000704700000000000072B6FEE702490620D4
:1037C00008700420704700009000002090F820202E
:1037D000012A07D0022A05D0416A41F480214162C2
:1037E00001207047006842690A4342610020704727
:1037F000F0B590F820500468A468012D05D0022D82
:1038000003D0416A41F4802157E014F0406F01D1A8
:10381000E5004FD5C4F301640125A5401D608D6806
:103820004FF4C0739DB1CE6835434E6845EAC60576
:10383000066803EB0417F5514FF4C275076805EBF2
:1038400004150E697E51097D012905D009E00E8815
:10385000CD6845EA4655EBE701684E5946F4807657
:103860004E511179D579567941EA056195792D0442
:1038700045EA062529434FF4C676056806EB04168B
:10388000A9511178D57841EA0561957852782D04CF
:1038900045EA022211434FF4C475026805EB041592
:1038A0005151006803EB0411425842F001024250AA
:1038B0000020F0BD416A41F4001141620120F0BDD9
:1038C00010B590F82020012A07D0022A05D0416ABD
:1038D00041F480214162012010BD3B48D0F8002214
:1038E00042F00102C0F80022D0F8002222F47C52FB
:1038F000C0F80022D0F800224B6A42EA0322C0F846
:1039000000220A7D02F01F0301229A40D0F81C32E7
:103910009343C0F81C32CB69B3B9D0F80C3293434F
:10392000C0F80C328C894B6864F31F434C6900EB80
:10393000C404C4F840320C890B6864F31F434C691B
:1039400000EBC404C4F84432CB69012B16D1D0F883
:103950000C321343C0F80C320C884B6864F31F43DD
:103960004C6900EBC404C4F840320C89CB6864F3A2
:103970001F434C6900EBC404C4F844328B69002B2C
:10398000D0F804320ED01343C0F804320B69002B78
:10399000D0F8143208D01343C0F81432096A012950
:1039A00004D008E09343EFE79343F5E7D0F81C1207
:1039B0001143C0F81C12D0F8001221F00101C0F828
:1039C0000012002010BD000000640040704770B578
:1039D00090F82040012C05D0022C03D0416A41F41C
:1039E000802128E0046809B32469A40720D04FF49B
:1039F000D874056804EB01142D5915F00405956081
:103A000005682D591AD0ED08556005682C5904F049
:103A10000204D4604FF4DA74056804EB01142E59E3
:103A200006F00F06082E0CD308250DE0E468DCE74D
:103A3000416A41F400114162012070BD6D0D1560B5
:103A4000E3E72D5905F00F05156105682D59C5F3FC
:103A50000725956105682C59240C54614FF4DC72DC
:103A6000046802EB0112A4581C700468A458240ACC
:103A70005C700468A458240C9C700468A258120E50
:103A8000DA704FF4DE72046802EB0112A4581C7164
:103A90000468A458240A5C710468A458240C9C711E
:103AA0000468A258120EDA71006829B1016941F068
:103AB00020010161002070BDC16841F02001C1609A
:103AC000F8E70246002092F82010012901D00229CF
:103AD0000CD111688A68520100D501208A68120150
:103AE00000D5401C8968C90000D5401C70472DE9ED
:103AF000F05F0546006800244669D0F804908768A6
:103B0000D0F80CB0D0F810A0D0F81880F10748D049
:103B1000F90714D001218160B80703D5284600F0C9
:103B200018FA0CE0780702D54FF4006407E0380774
:103B300002D54FF4805402E0284600F009FAF80557
:103B400016D529684FF480708860B80503D52846DB
:103B500000F001FA0CE0780502D544F4005407E0C7
:103B6000380502D544F4804402E0284600F0F2F91A
:103B7000F80316D529684FF480308860B80303D560
:103B8000284600F0EAF90CE0780302D544F400443A
:103B900007E0380302D544F4803402E0284600F000
:103BA000DBF9300707D55FEACB6004D52968102020
:103BB00044F40074C86070074FF0080707D55FEA47
:103BC0000B7004D52868C760284600F05FF9B0077D
:103BD00006D52868C068800702D0284600F058F94A
:103BE000700607D55FEACA6004D52968102044F43E
:103BF00080640861B00607D55FEA0A7004D52868BA
:103C00000761284600F074F9F00606D528680069B7
:103C1000800702D0284600F06CF9B00308D55FEAAF
:103C2000C96005D5296810204860284600F062F96F
:103C3000F00307D55FEA097004D528684760284675
:103C400000F08CF9300446D55FEA497040D5F005A4
:103C500004D55FEAC87001D044F00104B00504D572
:103C60005FEA887001D544F00204700504D55FEA6C
:103C7000487001D544F00404300529D518F0700FC0
:103C800026D008F07000402815D006DC102809D096
:103C900020280AD0302816D10AE050280ED06028FB
:103CA00011D10EE044F008040DE044F010040AE0E5
:103CB00044F0200407E044F0400404E044F08004B1
:103CC00001E044F480742868816921F07001816109
:103CD000296804204860002C05D0686A2043686287
:103CE0002846FFF773FEBDE8F09F70B5040003D0CF
:103CF00094F8200010B104E0012070BD204600F0CF
:103D000081F82068016841F00101016000F00AFCBF
:103D10000546052604E000F005FC401B0A2811D8E2
:103D200020684068C007F6D02068016821F00201D1
:103D3000016000F0F7FB05460BE000F0F3FB401BD1
:103D40000A2806D9606A40F40030606284F8206076
:103D5000D2E7206840688007EFD4207E01282068E1
:103D600001683DD021F080010160607E012820685B
:103D7000016838D021F040010160A07E0128206850
:103D8000016833D021F020010160E07E0128206825
:103D900001682ED041F010010160207F01282068C9
:103DA000016829D021F008010160607F01282068A6
:103DB000016824D021F004010160D4E90201084324
:103DC000D4E90412114308436168491E084321687D
:103DD000C86100206062012084F82000002070BDCE
:103DE00041F08001C0E741F04001C5E741F020010A
:103DF000CAE721F01001CFE741F00801D4E741F014
:103E00000401D9E710B586B0044614216846FCF7D2
:103E10007DFE1B492068884230D11A480021026883
:103E200042F000720260026802F0007205920268BD
:103E300042F080620260006800F0806005901148E6
:103E40001038026842F002020260006800F00200CE
:103E50000590602000900220CDE90101032003902D
:103E6000092004906946084800F05EFA0022052106
:103E7000402000F0F5FB402000F0E4FB06B010BD50
:103E800000680040403802400004024070470000D3
:103E900010B58AB0040022D01249206888421ED191
:103EA0006B4602AA00212046FFF791FD002816D19B
:103EB0000D490298086003984860049808720598B4
:103EC0004872069888720098C1F80B000198C1F8F2
:103ED0000F000649012008702046FDF721F80AB0BE
:103EE00010BD000000680040385900201401002077
:103EF000704770477047000070B5044690F8200086
:103F0000012804D0606A40F40020606218E00220BA
:103F100084F820002068016821F00101016000F0B0
:103F200001FB05460EE000BF00F0FCFA401B0A282A
:103F300008D9606A40F400306062052084F82000EF
:103F4000012070BD20684068C007EDD1606270BD7F
:103F500070477047704770477047704770472DE94A
:103F6000F0410446876D00F0DDFA064694F835000E
:103F70000025022806D08020606584F83450012096
:103F8000BDE8F0812068016821F016010160206819
:103F9000416921F080014161206C08B9A06C20B119
:103FA0002068016821F0080101602068016821F0A3
:103FB000010101600CE000F0B5FA801B052807D96B
:103FC00020206065032084F8350084F83450D7E75A
:103FD00020680068C007EED194F85C103F2088404C
:103FE000B860012084F8350084F834500020C7E719
:103FF00090F83510022903D08021416501207047D7
:10400000052180F835100068016821F00101016088
:1040100000207047406D704790F8350070470000F1
:104020002DE9F84304464FF00009CDF800906348AD
:104030004FF41651A56D0068B0FBF1F72E6894F8A7
:104040005C10082000FA01F131420FD021680A68A3
:1040500052070BD50A6822F004020A6094F85C103B
:104060008840A860606D40F00100606594F85C10C5
:104070004FF0010808FA01F0304208D02168496980
:10408000090604D5A860606D40F00200606594F8F0
:104090005C1004208840304208D0216809688907F4
:1040A00004D5A860606D40F00400606594F85C1071
:1040B00010208840304218D021680968090714D5BB
:1040C000A86020680168490304D50068000308D58A
:1040D000A16C07E00168C90503D4016821F008015B
:1040E0000160216C09B12046884794F85C102020BB
:1040F0008840304231D021680968C9062DD5A860B2
:1041000094F8350005282068016806D0490347D592
:10411000006800031DD4616C1CE021F016010160F1
:104120002068416921F080014161206C08B9A06CD0
:1041300020B12068016821F00801016094F85C104A
:104140003F208840A86084F8358084F83490216D41
:104150001FE0E16B09B120468847606D00282BD035
:10416000606DC00714D0052084F835002068016810
:1041700021F0010101600098401C0090B84203D872
:1041800020680068C007F6D184F8358084F8349040
:10419000E16C002910D001B02046BDE8F04308478B
:1041A0000168C905D5D4016821F01001016084F8C7
:1041B000358084F83490CCE7BDE8F88318000020FF
:1041C0002DE9F041044600F0ADF906465CB102204D
:1041D00084F83500002584F834502068016821F007
:1041E000010101600DE00120BDE8F08100F09AF9C5
:1041F000801B052805D920206065032084F8350040
:10420000F2E720680068C007F0D1226811682048F2
:104210000140D4E901031843D4E90336334318437A
:1042200063691843A3691843E3691843236A184371
:104230000843616A042903D1D4E90B1319430843E5
:10424000106020684069666A20F0070130460E431E
:10425000012704280CD1A06A0643E06A40B1204639
:10426000FCF7D0FF20B14020606584F83570BAE7D4
:10427000206846612046FCF7B1FF94F85C203F219E
:1042800091408160656584F835700020ACE70000DE
:104290003F8010F02DE9F0410446866D90F834001F
:1042A000002501280DD0012084F8340094F83570E1
:1042B0000020012F07D084F8340002252846BDE8ED
:1042C000F0810220FBE7022784F835706065204604
:1042D000FCF7C2FF94F85C103F208840B060206873
:1042E000016841F016010160206C20B1206801686E
:1042F00041F0080101602068016841F0010101609E
:10430000DCE7000070B5044600F00CF90546601CBF
:1043100002D004480078044400F004F9401BA04295
:10432000FAD370BD0C0000202DE9F84FDFF8BCA1D6
:104330000022012503264FF00F090AF1040BAAF110
:10434000040E00BF0B6805FA02F42340A34270D1AB
:104350000F7907F00307012F01D0022F16D18768CC
:104360004FEA420806FA08FC27EA0C07D1F80CC00D
:104370000CFA08FC4CEA070CC0F808C04768A743D1
:104380000C79C4F3001494403C4344600C79E4433A
:10439000A4070AD0C4684FEA420C06FA0CF7BC43E3
:1043A0008F6807FA0CF72743C7600C7904F0030401
:1043B000022C12D1D40800EB840CDCF82040570703
:1043C000FF0E09FA07F824EA0804D1F8108008FA69
:1043D00007F848EA0408CCF8208004684FEA420C49
:1043E00006FA0CF7BC430F7907F0030707FA0CF73E
:1043F000274307604C6814F4403F70D03C4C27685A
:1044000047F480472760246822F0030704F48044BF
:104410000094384C07EB040CDCF8084897074FEA87
:10442000177809FA08F7BC43334FB84202D1002786
:1044300024E054E0314FB84201D101271EE0304F53
:10444000B84201D1022719E02E4FB84201D103270B
:1044500014E02D4FB84201D104270FE02B4FB84292
:1044600001D105270AE02A4FB84201D1062705E00D
:10447000284FB84201D1072700E0082707FA08F7BC
:104480002743CCF80878DAF800405746D1F804C042
:104490009C435FEACC2C00D51C433C60DBF8004019
:1044A0005F46D1F804C09C435FEA8C2C00D51C43C6
:1044B0003C60DEF800407746D1F804C09C435FEAD8
:1044C0008C3C00D51C433C60084F083F3C68D1F849
:1044D00004C09C435FEACC3C00D51C433C60521CAA
:1044E000102AFFF42FAFBDE8F88F0000083C014010
:1044F0004438024000300140000002400004024005
:1045000000080240000C024000100240001402406B
:1045100000180240001C02400AB181617047090482
:10452000FBE7000001488068704700000C00002095
:104530000248816802781144816070470C000020B5
:104540000B4810B5016841F400710160016841F445
:1045500080610160016841F480710160032000F016
:104560009FF80F2000F006F800F050F8002010BD72
:10457000003C024030B505461F4887B00024016862
:1045800041F020010160006806A900F020000090C1
:1045900001A800F031F90498A8B100F04DF94000ED
:1045A0001649174AB0FBF1F11648491E026040F265
:1045B000E732C0E90324C0E90114846100F00EFD74
:1045C000040003D015E000F037F9E9E70D4800F0EA
:1045D00055FD04000DD1372000F034F8102D07D21E
:1045E00000222946372000F03BF80748056000E02C
:1045F000012407B0204630BD4038024040420F0041
:1046000000140040E0050020100000200C4882B09B
:10461000016841F480410160006800F4804000902E
:104620000748001F016841F08051016000680022C6
:1046300000F0805000900F21901E02B000F010B8E2
:1046400044380240002809DB00F01F02012191409C
:104650004009800000F1E020C0F800117047000020
:10466000F0B40E4B1B680C46C3F30223C3F10705DD
:10467000042D00D90425191D072901D2002300E0CB
:10468000DB1E012606FA05F1491E214099409E4095
:10469000761E16403143F0BC04F045BC0CED00E042
:1046A000064900F0070208684FF6FF03184040EA89
:1046B0000220034A10430860704700000CED00E040
:1046C0000000FA052DE9F0470E46050065D0DFF839
:1046D0001481D8F80000F7B200F00700B04207D20A
:1046E00088F80070D8F8000000F00700B04254D1FC
:1046F00028683D4C810712D5400703D5206840F457
:10470000E05020602878000703D5206840F460401E
:1047100020602068A96820F0F00008432060287815
:10472000C0072DD0304968680839012812D0022806
:1047300013D0032811D00968890700292DDA2168D0
:1047400021F0030101432160FFF7ECFE814641F2B5
:10475000883A0EE009688903EFE709688901ECE708
:10476000FFF7E0FEA0EB0901514502D90320BDE8A7
:10477000F0872068696800F00C00B0EB810FEFD182
:10478000D8F80010404601F00701B14207D9077080
:10479000006800F00700B04201D00120E7E7287868
:1047A000400705D52068E96820F4E0500843206000
:1047B0002878000706D52068296920F4604040EA7F
:1047C000C100206000F058F82168084AC1F30311C5
:1047D000515CC8400649086006480068FFF7CAFEF9
:1047E0000020C4E7003C024008380240ACA60008A4
:1047F00018000020100000200F2202600C4A1368ED
:1048000003F003034360136803F0F003836013684D
:1048100003F4E053C36012684FF4E05303EAD2029A
:1048200002610448006800F007000860704700005B
:1048300008380240003C0240044805490068096805
:10484000044AC1F38221515CC8407047180000201F
:1048500008380240BCA600080448054900680968F9
:10486000044AC1F34231515CC8407047180000202F
:1048700008380240BCA60008154810B5006810F0C2
:104880000C02144813D04110042A0FD0082A0ED16C
:104890000F4C241F2268236802F03F025B0207D5F9
:1048A0002068C0F38810A0FB010106E0084610BD97
:1048B0002168C1F38811A1FB00010023FBF768FD0B
:1048C0002168C1F30141491C4900B0FBF1F010BD62
:1048D000083802400024F4002DE9F84F04006ED09F
:1048E0002078DFF84C93C007A9F104054AD009F1FC
:1048F00004000168C1F38101012908D00068C0F3F8
:10490000810002280AD1D9F80000400206D52868A3
:10491000800337D560680028E1D033E06068B0F5E7
:10492000803F10D0B0F5A02F286810D020F4803040
:104930002860286820F4802028606068A8B1FFF70C
:10494000F1FD06460DE0286840F48030F4E740F4BD
:1049500080202860F7E700BFFFF7E4FD801B642894
:1049600073D828688003F7D50CE0FFF7DBFD064617
:1049700005E000BFFFF7D6FD801B6428F0D828684B
:104980008003F7D42078DFF8AC8280074FF0000A6C
:104990003ED5A748001D016811F00C0F08D0006833
:1049A000C0F3810002280BD1D9F80000400207D4DF
:1049B0002868800716D5E068012800D112E033E1AD
:1049C000E068B8B10120C8F80000FFF7ABFD06466B
:1049D00005E000BFFFF7A6FD801B0228C0D82868AD
:1049E0008007F7D52868216920F0F80040EAC10067
:1049F00028600DE0C8F800A0FFF794FD064604E02B
:104A0000FFF790FD801B02281FD828688007F7D485
:104A10002078000722D5864F87486169703771B1C9
:104A200001210160FFF77EFD064604E0FFF77AFDF5
:104A3000801B022809D838688007F7D50EE0C0F837
:104A400000A0FFF76FFD064605E082E0FFF76AFD74
:104A5000801B02287DD838688007F7D4207840076B
:104A600068D5DFF8CCB100270BF13C0BDBF8000078
:104A7000C0000BD4DBF8001041F08051CBF80010DF
:104A8000DBF80000012700F0805000906B4E30688A
:104A9000C00510D4306840F480703060FFF742FDEC
:104AA000009005E0FFF73EFD0099401A022850D81B
:104AB0003068C005F6D55E4EA0686C3601280FD070
:104AC0000528306810D020F001003060306820F0F8
:104AD00004003060A068B8B1FFF724FD00900FE03B
:104AE000306840F00100F4E740F004003060F7E780
:104AF000FFF718FD0099411A41F28830814266D8CB
:104B000030688007F4D50EE0FFF70CFD009007E059
:104B1000FFF708FD0099411A41F28830814256D8CA
:104B200030688007F4D42FB1DBF8001021F08051F9
:104B3000CBF80010A069C8B33D49091D0968C1F34D
:104B4000810102294AD00228504607D0C8F86000E7
:104B500000E03CE0FFF7E6FC04463BE04746C8F8CF
:104B60006000FFF7DFFC064605E000BFFFF7DAFC58
:104B7000801B02282BD828688001F7D4D4E90701CC
:104B80000843A16A2E4A490802EB0141626A41EAE0
:104B90008211084394F82C1040EA0161C9F8001012
:104BA00001203866FFF7BEFC044606E03EE000BF89
:104BB000FFF7B8FC001B022809D828688001F7D548
:104BC00034E000BFFFF7AEFC001B022802D903202F
:104BD000BDE8F88F28688001F4D427E00128F7D0D9
:104BE000D9F80000E26900F4800191421CD1226AE8
:104BF00000F03F01914217D147F6C071626A01404F
:104C0000B1EB821F10D1A26A4FF0FF3300F44031A4
:104C100003EB5202B1EB024F06D194F82C1000F0D6
:104C20007060B0EB016F01D00120D1E70020CFE729
:104C30000438024000004742800E474200700040A6
:104C40000000FFFF70B5040009D0606A002540B184
:104C500025616561A56294F8510040B10CE0012026
:104C600070BD6068B0F5827FF4D0E561F2E784F84A
:104C70005050204600F044F8022084F8510020688B
:104C8000016821F040010160A088218900F4827050
:104C900001F404410843A18901F400610843217C27
:104CA00001F002010843217D01F001010843218B3D
:104CB00001F400710843217F01F03801084394F8A2
:104CC000201001F080010843218D01F400510843B8
:104CD00021680860A069042101EA104094F82410BA
:104CE00001F010010843216848602068C16921F47F
:104CF0000061C1616565012084F85100002070BD2C
:104D000070472DE9FF4F81B01D46934604464FF092
:104D100001090E9EFFF706FC074694F851006168F2
:104D2000012806D0B1F5827F3CD1A168C9BB042817
:104D300038D10298002871D0BBF1000FFBD0002DB4
:104D4000F9D094F8500001282CD04FF0010A84F8D3
:104D500050A094F85100042802D0052084F8510096
:104D60004FF00008C4F85480C4F838B0E587A58730
:104D700002992163E586A586C4F84080C4F8448082
:104D800020680168490603D4016841F040010160D0
:104D9000E068B0F5006F606808D0F0B3012D49D02D
:104DA00081E0FFE7022005B0BDE8F08F08B1012DDA
:104DB00039D1206B21680088C860206B801C20637B
:104DC000E08E401EE0862EE02068816889070FD5BE
:104DD000E18E69B1B9F1010F0AD1216B0988C16077
:104DE000206B801C2063E08E401EE0864FF000099F
:104DF00020688168C9070CD0E18F51B1C068A16BF0
:104E00000880A06B801CA063E08F401EE0874FF0FD
:104E10000109FFF787FBC01B01E00BE067E0B04230
:104E200001D3701C50D1E08E0028CDD1E08F002836
:104E3000CAD13EE0206B216800780873206B401CCB
:104E40002063E08E401EE0862DE02068816889079F
:104E50000FD5E18E69B1B9F1010F0AD1216B097843
:104E60000173206B401C2063E08E401EE0864FF0F3
:104E7000000920688168C9070CD0E18F51B1C06872
:104E8000A16B0870A06B401CA063E08F401EE08700
:104E90004FF00109FFF746FBC01BB04202D3701C64
:104EA00001D011E086B1E08E0028CED1E08F00283D
:104EB000CBD13A463146204602F0CEF850B1202000
:104EC000606584F8508012E084F851A084F8508026
:104ED000032068E7A06818B92068C168806800905E
:104EE00084F851A084F85080606D0028F1D0012032
:104EF00059E77047704710B590F83C20012A22D03E
:104F0000012280F83C20CA688C6822F44072224357
:104F10004C6822F4806222430C6822F4006222432F
:104F20000C6922F4805222434C6922F4005222433D
:104F3000C969002322F480420A4301684A6480F868
:104F40003C30002010BD022010BD000070B590F86C
:104F50003C20012A32D0012480F83C40022280F813
:104F60003D2003685A689D6822F070060A68324343
:104F70005A60134B02689A4214D0B2F1804F11D09C
:104F8000104B9A420ED0104B9A420BD00F4B9A42C4
:104F900008D00F4B9A4205D00E4B9A4202D00E4BCE
:104FA0009A4204D1496825F080031943916080F842
:104FB0003D40002180F83C10084670BD022070BDC5
:104FC000000001400004004000080040000C0040C8
:104FD00000040140004001400018004010B50400EA
:104FE00003D094F83D0010B107E0012010BD00206F
:104FF00084F83C00204600F01FF8022084F83D00B1
:10500000211D206802F04EFC012084F8460084F83F
:105010003E0084F83F0084F8400084F8410084F8A2
:10502000420084F8430084F8440084F8450084F882
:105030003D00002010BD000008B500680C49884202
:1050400008D10C48016841F001010160006800F0DE
:1050500001000BE00849884209D10648001F016899
:1050600041F010010160006800F01000009008BDE0
:1050700000000140443802400010004090F83D100C
:10508000012901D001207047022180F83D100168FC
:10509000CA6842F00102CA6000681149884214D00F
:1050A000B0F1804F11D00F4988420ED00E4988428E
:1050B0000BD00E49884208D00D49884205D00D49D1
:1050C000884202D00C49884204D1816801F007016E
:1050D000062903D0016841F00101016000207047FA
:1050E000000001400004004000080040000C0040A7
:1050F00000040140004001400018004070B5044623
:1051000090F83C000025012817D0012684F83C6067
:10511000022084F83D002068826822F0770222F4A1
:105120007F4282600868502838D00DDC20284FD09C
:1051300005DC90B3102811D14AE0022070BD302860
:1051400046D040280AD13BE060282FD070280DD0EF
:10515000B0F5805F03D0B0F5005F12D0012584F870
:105160003D60002084F83C00284670BDCB68D1E942
:105170000121206802F0FEFB2068816841F0770180
:1051800009E0CB68D1E90121206802F0F3FB206837
:10519000816841F480418160E1E719E0CA684968AB
:1051A000206802F0BBFC5021206806E0CA6849680C
:1051B000206802F0C4FC6021206802F0E5FBCEE725
:1051C000CA684968206802F0A9FC40212068F4E719
:1051D000226801461046F0E770472DE9F041044689
:1051E0000068C66805694FF00007A90713D5B10725
:1051F00011D5F91E016101202077206880698007A0
:10520000204602D0FFF7E8FF04E000F0A9F82046AE
:1052100000F03BF92777680716D5700714D5216889
:105220006FF004000861022020772068806910F484
:10523000407F204602D0FFF7CFFF04E000F090F857
:10524000204600F022F92777280715D5300713D517
:1052500021686FF008000861042020772068C06989
:105260008007204602D0FFF7B7FF04E000F078F88F
:10527000204600F00AF92777E80616D5F00614D57F
:1052800021686FF010000861082020772068C0694D
:1052900010F4407F204602D0FFF79EFF04E000F0AC
:1052A0005FF8204600F0F1F82777E80708D0F0070C
:1052B00006D021686FF001000861204600F0E6F892
:1052C000280608D5300606D521686FF080000861F1
:1052D0002046FFF70EFE680608D5700606D5216841
:1052E0006FF040000861204600F0DEF8A8060AD5FD
:1052F000B00608D521686FF0200008612046BDE89F
:10530000F041FFF7F7BDBDE8F081000010B586B0B1
:10531000044614216846FBF7F9FB0E4920688842D1
:1053200016D10D480021026842F0100202600068A8
:1053300000F0100005904FF4007000900220CDE9BD
:1053400001010120CDE9031069460448FEF7ECFF96
:1053500006B010BD0000014030380240001002408D
:10536000704770B5044690F83C0000260D460128B1
:105370000FD0012084F83C006AB1042A1DD0082A0D
:105380002FD00C2A3FD00126002084F83C00304664
:1053900070BD022070BD206802F0FEFA20688169AD
:1053A00041F0080181612068816921F00401816177
:1053B000206881692A69114311E0206802F01CFB12
:1053C0002068816941F4006181612068816921F46C
:1053D00080618161206881692A6941EA02218161D5
:1053E000D2E7206802F03EFB2068C16941F0080165
:1053F000C1612068C16921F00401C1612068C169EF
:105400002A69114311E0206802F060FB2068C1693D
:1054100041F40061C1612068C16921F48061C1610A
:105420002068C1692A6941EA0221C161ACE710B56F
:10543000040003D094F83D0010B107E0012010BD36
:10544000002084F83C00204600F01EF8022084F87A
:105450003D00211D206802F025FA012084F8460055
:1054600084F83E0084F83F0084F8400084F841004E
:1054700084F8420084F8430084F8440084F845002E
:1054800084F83D00002010BD7047704710B50068DB
:105490000449884205D1FFF74BF8BDE8104003F0FE
:1054A00023BD10BD00140040704738B5044690F885
:1054B0004200202801D0022038BD51B14AB101205C
:1054C000206300206063204602F050FD216B01291B
:1054D00001D0012038BD21680A684968009121681F
:1054E0000C3151E8002F42F0100241E80023002B5C
:1054F000F5D138BD70B50D4600680B49884212D110
:10550000402D02D94025002401E0002405E0074891
:10551000005D01F027FA641CA4B2AC42F7D3BDE8E9
:10552000704001F0B7BB70BD00440040DC56002065
:10553000704770B5044620680C3050E8001F21F415
:10554000907140E80012002AF5D12068143050E82C
:10555000001F21F0010140E80012002AF5D1206B64
:10556000012809D120680C3050E8001F21F01001FB
:1055700040E80012002AF5D1206840694FF000058C
:10558000400615D52068143050E8001F21F0400176
:1055900040E80012002AF5D1E06B48B10565E06BE8
:1055A000FEF7DDFC20B1E06BFEF734FD202806D0CD
:1055B000E585202084F842002563002070BD10207E
:1055C0006064032070BD704770B5044620680C30DD
:1055D00050E8001F21F0C00140E80012002AF5D178
:1055E000206840691546000615D52068143050E83B
:1055F000001F21F0800140E80012002AF5D1A06BC5
:1056000048B10565A06BFEF7AAFC20B1A06BFEF7C0
:1056100001FD202805D0E584202084F841000020E9
:1056200070BD10206064032070BD7047006805499C
:10563000884206D10448816A491C816203490120DD
:1056400008707047004400405C570020B8000020FC
:10565000F8B5016804460868CA684B6910F00F0F76
:105660004FF0000556D003F0010602F4907737435F
:1056700061D0C10705D0D10503D5616C41F00101AE
:105680006164410705D5D90703D0616C41F002017F
:105690006164810705D5D90703D0616C41F004012D
:1056A0006164010707D502F02001314303D0616C2A
:1056B00041F008016164616C00293BD0800604D58B
:1056C000900602D5204602F069FB20684069616CB3
:1056D000C0F38010090700D440B3204602F002FB5B
:1056E0002068406940061ED52068143050E8001F2D
:1056F00021F0400140E80012002AF5D1E06B90B1A2
:1057000072490165E06BFEF773FC002812D0E06B74
:10571000016DD7E083060ED593060CD52046BDE873
:10572000F84002F03BBB2046A16DCBE0A16D2046C6
:1057300088476564F8BD266B2023012E7ED1C606FE
:105740007CD5D6067AD508684868009048694FF03D
:105750000206400649D5E26B106840684FF4807736
:105760000004000C3AD0A18D814237D9E085D06980
:10577000B8422DD020680C3050E8001F21F4807111
:1057800040E80012002AF5D12068143050E8001FCC
:1057900021F0010140E80012002AF5D12068143000
:1057A00050E8001F21F0400140E80012002AF5D126
:1057B00084F84230256320680C3050E8001F21F047
:1057C000100140E80012002AF5D1E06BFEF7C7FB9C
:1057D0006663A08DE18D401A81B233E0A18D8142D4
:1057E000A8D1D069B8422CD0F8BDA08DE18D401A67
:1057F00081B2E08D0028F7D00029F5D020680C3068
:1058000050E8002F22F4907240E80027002FF5D1D5
:105810002068143050E8002F22F0010240E80027F1
:10582000002FF5D184F84230256320680C3050E811
:10583000002F22F0100240E8002300E008E0002BD7
:10584000F3D16663E26E01B02046BDE8F040104738
:1058500005062BD5150629D594F841002128C3D17A
:10586000A068B0F5805F01D12069B0B1206A411C09
:105870002162216800784860E08C401E0004000C22
:10588000E084B1D12068C16821F08001C160206846
:10589000C16841F04001C160F8BD206A0088C0F3D2
:1058A00008004860206A801C2062E5E74006F3D5C6
:1058B0005006F1D5CA68204622F04002CA6084F83A
:1058C0004130E16C01B0BDE8F0400847AD7B000815
:1058D00070B5040004D094F84100002510B10DE02B
:1058E000012070BD84F84050204602F031FA206F4C
:1058F00008B914482067014620468847242084F8C8
:1059000041002068C16821F40051C160204602F0C6
:10591000A7FA2068016921F490410161206841697A
:1059200021F02A0141612068C16841F40051C16041
:105930006564202084F8410084F8420065630020FB
:1059400070BD0000495900082DE9F04F87B00646A8
:1059500014216846FBF7DAF875490223D6F800C02F
:10596000744803220725DFF8D0B100249F064FF4C6
:1059700080694FF4003A8C4551D16E491431D1F809
:1059800000C04CF0100CC1F800C0096801F0100113
:105990000591016841F0010101600068694600F06D
:1059A0000100059050028DE81900CDE90325584605
:1059B000FEF7BAFC624D6148C8462860C5E901742B
:1059C000C5E903496C61AC61C5E9074AD14628467F
:1059D0006C62FEF7F5FB08B1FDF7EEFEF563AE6312
:1059E000574D564860357830E5E802074020A5E875
:1059F0001101534845F814496030AC61C5E90749C5
:105A00006C62FEF7DDFB08B1FDF7D6FEB563002240
:105A100005212520AE63FEF723FE25203BE0454906
:105A2000DFF820811031C4453AD1D1F800C04CF4E0
:105A3000003CC1F800C0096801F40031059101681B
:105A400041F0080101600068694600F00800059017
:105A500060208DE81900CDE903253B48FEF764FC82
:105A6000374D3A48C0352860C5E90174C5E9034996
:105A70006C61AC61C5E9074A28466C62FEF7A0FB81
:105A800008B1FDF799FEF563002205212620AE63DB
:105A9000FEF7E6FD2620FEF7D5FD07B0BDE8F08F46
:105AA0002B4EB44520D10E6846F480260E6009685E
:105AB00001F480210591016841F002010160006854
:105AC000694600F0020005904FF440608DE819002F
:105AD000CDE903251F48FEF727FC002205212720DA
:105AE000FEF7BEFD2720D6E71B4DAC45D5D10D688E
:105AF00045F400250D60096801F400210591016855
:105B000041F0010101600068694600F00100059064
:105B10008DE81C000820CDE903205846FEF704FC60
:105B2000002205213420FEF79BFD3420B3E700005E
:105B30000010014030380240000002404064024042
:105B4000C004002000440040000C02408860024075
:105B50000048004000040240004C004090F84230F1
:105B6000202B01D00220704721B11AB1002303631A
:105B700002F04CBA0120704710B500233AB190F8FA
:105B80004140202C09D090F841400CB324E0416CF6
:105B900041F020014164012010BD0D291CD2DFE835
:105BA00001F007090B0D0F1113151B1B1B222400FD
:105BB000826416E0C26414E0026512E0426510E0FF
:105BC00082650EE0C2650CE002660AE0426608E00B
:105BD0000B2908D00C2908D0416C41F02001416408
:105BE0000123184610BD0267FBE74267F9E7002270
:105BF000A1B190F84030012B16D0012380F840303D
:105C000090F84130202B11D0416C41F020014164CB
:105C10000122002180F8401010467047416C41F08D
:105C2000200141640120704702207047C166F0E7FF
:105C3000704770472DE9F843044690F841009846B4
:105C400016460D46202802D00220BDE8F88385B113
:105C50007EB100206064212084F84100FEF762FCE0
:105C6000A6848146E684A0682027B0F5805F02D034
:105C700003E00120E9E7206910B12E4600250EE07F
:105C800000260CE08021204602F0DBF9A8B9C6B15D
:105C900016F8010B21684860E08C401EE084E08C1F
:105CA0004B464FF00002CDF800800028EAD14FF0BB
:105CB0004001204602F0C5F940B184F8417003204C
:105CC000C3E735F8020BC0F30800E3E784F841703E
:105CD0000020BAE770B5044690F84100202801D0B2
:105CE000022070BD01B3FAB12162A284E2840020D7
:105CF0006064212384F84130A56B144BEB63A56BE2
:105D0000134B2B64A56B134BEB64A36B18652068D6
:105D10001346A56B021D2846FEF7BCFA30B11020D1
:105D20006064202084F84100012070BD21686FF07C
:105D3000400008602068143050E8001F41F08001E6
:105D400040E80012002AF5D1002070BDA17C0008B7
:105D5000DF7C0008B77B000890F84130202B01D091
:105D60000220704779B172B101628284C28400213D
:105D70004164212180F841100068C16841F0800130
:105D8000C160002070470120704770477047F8B528
:105D900016460F460546EFF3108472B690F82000C1
:105DA000022801D0012009E02846FDF78AFE48B10B
:105DB0006B46324639462846FDF71AFD002C00D1C5
:105DC00062B6F8BD0220F9E7FEE700000F4810B503
:105DD0000D4901600621416000214FF400328160CD
:105DE000C0E90312120142610176012242768176F6
:105DF000C27601774177FDF778FF002803D0BDE830
:105E00001040FDF7D9BC10BD0068004028020020FA
:105E1000154808B5016841F480010160016801F48A
:105E200080010091016841F40011016000680022C6
:105E300000F40010009005211020FEF711FC102046
:105E4000FEF700FC002205213A20FEF709FC3A206B
:105E5000FEF7F8FB002205214620FEF701FCBDE815
:105E600008404620FEF7EEBB3038024010B5044A29
:105E70000021044803F00CFD0349886010BD0000B8
:105E800080A60008317600080000002070B586B0BA
:105E900014216846FAF73AFE28480024016841F0C8
:105EA00080010160016801F080010591016841F005
:105EB00010010160016801F010010591016841F0D5
:105EC00002010160016801F002010591016841F0E1
:105ED00001010160016801F001010591016841F0D3
:105EE000080101600068164E00F0080005900022CD
:105EF00003213046FEF710FB032000900125CDE979
:105F00000154694630460394FEF70EFA0C208DE8E2
:105F1000310069463046FEF707FA0A4E0022042196
:105F20003046FEF7F9FA04200090CDE901546946A5
:105F300030460394FEF7F8F906B070BD30380240E1
:105F4000000C02400004024010B596B000240F94EB
:105F500010941194129413941C2108A81494FAF725
:105F6000D5FD20216846FAF7D1FD2948274901606F
:105F700040F28F61C0E901144FF6FF71C0E90314CC
:105F800044618461FFF72AF808B1FDF715FC4FF46E
:105F900080500F900FA91E48FFF7B0F808B1FDF729
:105FA0000BFC1B48FFF743FA08B1FDF705FC1394FF
:105FB00013A917481494FEF7C9FF08B1FDF7FCFBBD
:105FC0006020CDE908040A940B940C940D940022EF
:105FD00008A90F480E94FFF7C4F908B1FDF7ECFBD0
:105FE00000944FF40050CDE90440029401940394CE
:105FF000694607480794FEF77EFF08B1FDF7DCFB12
:106000000348FFF783F916B010BD000000000140FF
:10601000500200201CB500240E4800940C49019445
:1060200001605321C0E901144FF6FF718461C16022
:10603000FEF7D4FF08B1FDF7BFFB009469460548A1
:106040000194FEF783FF002801D0FDF7B5FB1CBDCE
:1060500000100040980200200C4810B50A49016069
:106060004FF4E1314160002181600C22C160C0E940
:1060700004128161C161FFF72BFC002803D0BDE849
:106080001040FDF799BB10BD004C004048040020B3
:106090000C4810B50A4901604FF4E131416000211C
:1060A00081600C22C160C0E904128161C161FFF707
:1060B0000FFC002803D0BDE81040FDF77DBB10BDEC
:1060C00000100140E00200200C4810B50A490160B0
:1060D0004FF4E1314160002181600C22C160C0E9D0
:1060E00004128161C161FFF7F3FB002803D0BDE812
:1060F0001040FDF761BB10BD004400405803002074
:106100000C4810B50A4901604FF4E13141600021AB
:1061100081600C22C160C0E904128161C161FFF796
:10612000D7FB002803D0BDE81040FDF745BB10BDEC
:1061300000480040D003002070EEC01A71EEC11A72
:10614000FDEEE11AC0ED001AF1EE601A71EEC01A10
:1061500071EEC11AFDEEE11AC0ED011A70EE801A5F
:1061600030EE600A71EEC11A30EE410AFDEEE11A1E
:10617000BDEEC00AC0ED021A80ED030A70470000B0
:1061800000B501F04BFA06490020086048608860BD
:10619000C8600449087048708870C86300BD00007A
:1061A000B85E0020E801002010B5012002F0C8FB15
:1061B000022002F0C5FB032002F0C2FBBDE8104044
:1061C000042002F0BDBB10B5012002F0D1FB02207B
:1061D00002F0CEFB032002F0CBFBBDE81040042010
:1061E00002F0C6BB70B514460D46064600F0C8F86E
:1061F00008481EB190ED080A86ED000A1DB190ED29
:10620000090A85ED000A002C03D090ED0A0A84EDFE
:10621000000A70BDE801002010B5F5EEC01A2DEDA2
:10622000048BB0EE418AF0EE608AB0EE409AF1EE57
:1062300010FA174C0BDDDFED170A81EEA00AF5EE20
:106240000E0A84ED040A20EE200A84ED050AC82017
:1062500000F066FBC0B1BDEEC80A10EE102ABDEE1C
:10626000E80A10EE101ABDEEC90A10EE100A03F08B
:10627000F9F809480FC800F083FF2078002800D003
:106280000120BDEC048B10BD00F06EF80020F8E793
:10629000E801002046B6733EA85E002000B501F07C
:1062A000BDF915489FED130A164A80ED040A9FEDCB
:1062B000130A002180ED050AB1EE040A80ED060AFA
:1062C00080ED070A9FED0E0A80ED080A80ED090AAD
:1062D00080ED0A0A116051609160D16001704170D7
:1062E0008170C16380ED0C0A80ED0D0A80ED0E0A0D
:1062F00000BD00000000C844E801002000803B44CD
:1063000000000000B85E00201FB56846FFF714FFCC
:106310009FED0E0A0E4A0020694600BF51F820305A
:1063200000EE903AF8EEE00A80EE801AFDEEC10A27
:1063300010EE903A42F82030401CC0B20428EDD351
:106340009DE80F0000F01CFF1FBD000046B6733E25
:10635000B85E00200349642802D90020C863642085
:10636000C8627047E801002010B5FFF709FF00235D
:10637000BDE810401A461946184600F001BF00005B
:106380000EB502AA01A9684600F08CFADDED000AFC
:106390009FED180A18489FED1A1A60EE800A194AF4
:1063A000C0ED080ADDED010A20EE800ADFED130AD8
:1063B00080ED090A9DED020A20EE200AC0EE010AD6
:1063C000FDEEE00AF8EEE00A00EEC10A10EE101A47
:1063D00080ED0A0A914202DD30EE410A06E010EE3D
:1063E000101A094A914203D930EE010A80ED0A0AD7
:1063F0000EBD000000007A44E8010020E12E654255
:106400000000B44300003443000034C39FED200A71
:1064100000283BD0002939DD5FF0000250F822301F
:1064200000EE903A002BF8EEE00A01DAF1EE600A95
:10643000F4EEC00AF1EE10FA01DDB0EE600A521C73
:10644000D2B2042AEAD300EE901AF8EEE00AB4EED3
:10645000E00AF1EE10FA19D900EE901A5FF000018F
:10646000B8EEE01AC1EE000A50F8212000EE102A22
:10647000B8EEC00A20EE200ABDEEC00A10EE102AC7
:1064800040F82120491CC9B20429EDD3704700000F
:1064900000000000FEE7B0F5966F01D8002001E093
:1064A000A0F59660352251436422B1FBF2F140F62B
:1064B000B832914201D90120704740F27C6290428B
:1064C00000D9104640F6754250434FF47A72B0FB43
:1064D000F2F28BB24FF40071002000F023B8C1EB50
:1064E000011140F2EE724900904201D3002007E012
:1064F000A0F2EE7040424FF4C862904200D91046BC
:1065000040F6B832914201D90120704741F28E1213
:1065100050436422B0FBF2F28BB24FF48071002042
:10652000AFF300802DE9FF411F46064623A3144622
:106530000D460FCB8DE80F00012E08D8284601F03C
:10654000EFF8002803DB40F6B830874203D901207A
:1065500004B0BDE8F08107EB87004FF6FF7101EA58
:106560004002100A8DF80600200E8DF80900200C5C
:106570008DF80A00200A8DF801608DF807208DF84B
:106580000B008DF80C40EFF3108472B60F4890F8B2
:106590002000022801D001200BE00C48FDF791FA01
:1065A000022801D2022004E0102269462846FAF7A8
:1065B00087FD002CCCD162B6CAE70000FD00AFFF1A
:1065C000AFFF0000FD0000000001006B280200206A
:1065D00038B5044608A000680090204601F0A0F8F5
:1065E000002801DA012038BD04236A462146034809
:1065F000FAF719FD38BD00009A02006B280200204E
:10660000FEE70000EFF3108172B6044A12F8360F6D
:1066100000231370002900D162B670475C57002038
:106620002DE9FF4F14462DED088B83B00E46070071
:106630001DD0E6B1DCB1EFF3108972B6644865494C
:1066400090ED049A91ED060AD0ED058AD0ED069AF8
:10665000D0ED12BA90ED13BA90F85050B0EE408AD7
:1066600090F8352052B1406A40B1012007E0002087
:1066700003B0BDEC088B04B0BDE8F08F002082466B
:106680000DB991ED050A8846B0EE40AA91ED020AD7
:10669000DFED510A91ED031A01A920EE200A61EE07
:1066A000200A684600F057F998F803B0002188F8EE
:1066B0000310B9F1000F00D162B69DB139EEC80ADE
:1066C00084ED000ADFED45AAF0EE6A0A02F0E4FC70
:1066D00010EE100A424984ED000A884205DD30EED2
:1066E0006A0A09E0B0EE690A06E010EE100A3D49B8
:1066F000884203D930EE2A0A84ED000A3146384632
:10670000F0EE680AB0EE490A00F01EF9BAF1000F87
:1067100002D00E9838B159E09FED330A87ED000A98
:1067200086ED000AA3E7B0EE690A02F00DFCF0EE78
:1067300040AAB0EE4A0A02F007FC7AEEC0AAB0EE18
:10674000690A02F001FDF0EE409AB0EE4A0A02F04A
:10675000FBFC9DED001A79EEC00ADDED011A2AEE70
:10676000810A00EEE10A60EE810A4AEEA10A45B113
:1067700039EE6B1A31EE400A38EECB1A71EE600A30
:1067800003E039EE400A78EEE00A3146384600F080
:10679000DBF8DDB197ED009AD6ED008AB0EE480A3D
:1067A00002F0D2FBF0EE409AB0EE480A02F0CCFCC8
:1067B000F0EE400A29EE890A00EEE80A87ED000AA9
:1067C00020EE890A09EEA80A86ED000A58464FE72E
:1067D0005C570020B80000206F12833ADB0FC940DD
:1067E000DB0F4940DB0F49C00000000010B5074C2B
:1067F000A288012A07D90649521E481EFAF70AF94B
:10680000A088401E00E00020A08010BDB80000203D
:106810001D570020002829D090ED041AB4EE411A2B
:10682000F1EE10FA21D1D0ED050AF4EE600AF1EE96
:1068300010FA1AD190ED060AB4EE400AF1EE10FA01
:1068400013D1B0EEC11A11EE101A0A4881420CDAC7
:10685000F0EEE00A10EE901A814206DAB0EEC00ABD
:1068600010EE100A0449884201DB00207047012025
:106870007047000000007A4400247449EFF310824E
:1068800072B6074B18B193ED020A80ED000A19B1F8
:1068900093ED030A81ED000A002A00D162B6704729
:1068A000B80000200023FFF7BBBE000010B5542144
:1068B0001648FAF72BF91648002181800170817083
:1068C00041709FED140A016180ED020A9FED120AEA
:1068D0000E4A80ED030A9FED110A80ED060A80ED55
:1068E000050A82F83410C1704FF4FA742046FDF79F
:1068F00009FD222000F0F2F92046FDF703FD3220C9
:1069000000F0ECF9BDE8104000F050BA5C570020F0
:10691000B800002000007042000048C200000000E3
:1069200070B5084905464C6C91F8350040B1486A8D
:1069300030B1FDF7F7FD001BA84201D8012070BD62
:10694000002070BD5C570020B1EE400A80ED000AC7
:10695000C1ED000A7047B1EE400A80ED000AC1EDBA
:10696000000A70472DE9F04F594D0746594CA88849
:1069700089B0402807D3206B401C2063A06A401CCC
:10698000A062FFF733FF534EA888403E4FF0020A43
:106990003754401CA8804FF0000BA88800287CD0FA
:1069A00033785C2B02D05D2B02D009E00E210FE082
:1069B000032872D37178012902D1B1781C2907D03C
:1069C000206B401C2063A06A401CA062504676E009
:1069D0008946484578D35C2B12D03E494FF6FF706C
:1069E00040391927B1F81AE048F2084C11F8012B88
:1069F000504000225FEAC07817D08CEA500015E0C2
:106A00003448FF214038344F84464FF00E080C22A2
:106A100010F8013B4B40521EF95CF9D20CEB080018
:106A200010F8010C81421ED042E04008521CD2B244
:106A3000082ADFD37F1E7A1CD8D1704538D15C2B51
:106A400011D000F0EFF8A888484507D9A0EB09025B
:106A5000204806EB09014038F9F7DCFFA988A1EBD3
:106A60000900A88099E720216846FAF74FF85C20D2
:106A70008DF800008DF801B00E208DF802000B207B
:106A80008DF803001348803850F8411F0491416885
:106A9000059180680690707B00E015E0ADF81C0061
:106AA0006846FFF7B7FE0146684600F017F8CAE7E8
:106AB000E06A401CE062A06A401CA062032084F8E7
:106AC0003400FFF793FE68E709B0BDE8F08F0000DF
:106AD000B80000205C57002054C700082DE9F0479B
:106AE0000446002700780126DFF834814B4D5D28ED
:106AF0008A46B94640460CD0C16B19B1C0F83C90EB
:106B0000AE700127FDF70EFD286120785D2838D092
:106B100042E0016A59B1A168C26B914207D1A188D4
:106B2000028F914203D1E168026C914274D0006AF5
:106B300060B1FDF7F7FC2969401AC82804D8E1685C
:106B4000D8F84000081A01D5012200E00022D8F848
:106B50003C304046A1688B4200D16AB1C26B02B1A1
:106B60000127C26B8A4203D1E268036CD21A01D5B5
:106B700085F80190C163AE70A1880187E168016466
:106B8000C0E7A87840B9D8F8240028B1E0784007D9
:106B900002D56E70012701E0687808B14FF0000A55
:106BA000D8F82010491CC8F82010BAF1000F2AD0DC
:106BB000D8F8240008B1A87898B194ED060A85EDBC
:106BC000050AA87868B194ED040A88ED120A94EDDC
:106BD000050A88ED130A94ED060A85ED060A85F884
:106BE0000290202221460E48F9F756FF444688F8C5
:106BF000356054F8240F401C2060FDF793FC2062A0
:106C00002674EE7004E088F83590042188F834107A
:106C1000002F01D088F83660BDE8F087B80000206A
:106C20005C57002000B589B020216846F9F76EFF57
:106C3000174908788DF8000048788DF801008878A9
:106C40008DF80200CA78A1F140008DF80320B0F859
:106C50004430ADF8043050F8463F02934368039344
:106C600083680493C368059300690690488BADF868
:106C70001C000B20904305D16846FFF7CBFD08B1FF
:106C8000012100E000216846FFF728FF09B000BDA0
:106C90001C57002070B5EFF3108472B600200C4D25
:106CA000287040220B490C48FEF7FFFB28B1012158
:106CB0002970002C00D162B670BD0749C96B00294C
:106CC000F7D009680A6822F008020A60F1E70000BC
:106CD000B8000020DC5600205803002008B5C5216C
:106CE0008DF800108DF801006423022269460248E5
:106CF000FEF7A0FF08BD00005803002038B5164D70
:106D00002878002826D0154CE06B18B1FDF784F9DF
:106D100005281FD094F84200222804D10F48FEF71E
:106D200008FC002816D1E06B40B1FDF775F9012889
:106D300004D0E06BFDF713F900280BD12068002187
:106D4000026840680090A980FFF7A4FF002801D0E6
:106D50000120287038BD0000B80000205803002032
:106D600010EE101A0E4881420CD810EE102A0D4970
:106D70008A4207DC10EE902A824203D810EE900A75
:106D8000884201DD00207047EFF3108072B606499B
:106D900081ED020AC1ED030A00B962B60120704715
:106DA0000000FAC30000FA43B800002010B5054CFB
:106DB0000020A080FFF76EFF002801D00120207086
:106DC00010BD0000B80000200F4890F835100029D1
:106DD00018D0416A002915D0EFF3108172B690EDFA
:106DE000040A0A4A80ED120A90ED050A80ED130AA2
:106DF00090ED060A82ED060A012280F85020002953
:106E000000D162B6704700005C570020B800002037
:106E100010B50446B0F1807F01D2200501D00120D9
:106E200010BD01F071FD0028FAD121462020FAF7AB
:106E300057F8BDE81040042000F094BE2DE9F04161
:106E400086B014216846F9F761FE474D0024474893
:106E50002C706C60016841F001010160006800F075
:106E60000100059041481430016841F480510160EF
:106E70000068DFF8FC8000F48050059001221021AA
:106E80004046FDF749FB01261020CDE90006022708
:106E900069464046CDE90267FDF746FAE020CDE9B4
:106EA000000705200490029469464046FDF73CFA2D
:106EB0003148304901604FF48271C0E90114C46067
:106EC00071020461C0E905411821C0E907140721D6
:106ED0004462C0E90A41FDF7B5FE38B9264FAB2040
:106EE00058373870012000F03DFE18B1012006B07F
:106EF000BDE8F0810120FDF705FA2E70FDF712FBC9
:106F000006464FF47A7800BF00F094F8012826D0A6
:106F100050B10120FDF7F6F9FDF704FB801B404559
:106F2000F2D32C700320E2E71348FF2204215830EB
:106F3000F9F7E4FD9F203870042000F013FE70B9CB
:106F40000E4948788A780004C97840EA022008434C
:106F50000B496860884204D00A49884201D02C70ED
:106F6000C4E70020C3E7000088000020303802405A
:106F70000000024000300140A44D0020004F0020DE
:106F80001840EF001870EF0070B514460E0005466B
:106F90000CD05CB14FF480718C4207D8C4F1807082
:106FA000A84203D354FA85F0884201D9012070BD6C
:106FB00001F0AAFC0028FAD129460220F9F790FF37
:106FC000224631460448F9F7E0FC241DA0B2BDE892
:106FD000704000F0C7BD0000004E002070B51446A0
:106FE0000D00064619D0C4B1B4F5807F15D8C4F1A0
:106FF0008070B04211D300F01DF800280ED1314648
:107000000320F9F76DFFFF2221460848F9F776FDC6
:10701000201D80B200F0A6FD08B1012070BD2246FF
:1070200003492846F9F7B1FC002070BD004E00204E
:10703000044F0020074808B5007818B1684600F0F2
:107040001BFB08B1012008BD9DF80000C007FAD065
:10705000022008BD88000020F8B515460E460B46F4
:10706000009204460122022100F02CF8A0B9134836
:1070700013490068B0FBF1F04FF47A714843009077
:107080006068B0F5827F0DD1334600228021204612
:10709000009500F017F870B1606D40F02000606559
:1070A0000320F8BD009830B1401E00902068806831
:1070B000C0430006F6D50020F8BD000018000020EF
:1070C00000366E012DE9F8431E4691468846044677
:1070D000089DFDF727FA401B351AFDF723FA0746EE
:1070E00026480068C0F3CB3068430AE0701C09D022
:1070F000FDF718FAC01BA8420FD275B10098B8B3BB
:10710000401E00902068816838EA010033D00021D9
:107110004945EBD10020BDE8F8832068416821F0A3
:10712000E00141606068B0F5827F0BD1A068B0F5E6
:10713000004F02D0B0F5806F04D12068016821F0C3
:1071400040010160A06AB0F5005F09D120680168C4
:1071500021F4005101602068016841F40051016090
:10716000012084F85100002084F850000320D2E769
:10717000FFE70025C6E70121CAE70000180000204C
:1071800070B510A488B0246806948DE80F0040F60E
:10719000B8316846FFF73AF900246D4606AE55F857
:1071A00024000021002801DA0121404282B2305D32
:1071B000002301F01FFD641CE4B2042CEFD308B0DF
:1071C00070BD0000010203040A4830B400220A4BDB
:1071D000828011465FF0000003EBC004401CC0B287
:1071E00062549028F8D3491CC9B20829F2D330BCA4
:1071F00000F0F6B8B00000205C52002010B59028D6
:1072000011D240290FD2CB0801F0070101248C4094
:10721000E1B2054C002A04EBC000C25C01D00A4375
:1072200000E08A43C25410BD5C5200202DE9F041B9
:1072300086B014216846F9F769FC65484FF00008EC
:10724000016841F002010160016801F0020105914D
:10725000016841F004010160016801F00401059139
:10726000016841F01001016000685A4D00F0100003
:107270000590012210212846FDF74EF90122042134
:107280002846FDF749F9544F4FF400540022214697
:107290003846FDF741F9514E002208213046FDF7EE
:1072A0003BF9002208212846FDF736F90120CDE9F7
:1072B000010802200390694600943846FDF734F82F
:1072C0000824694630460094FDF72EF8042000900B
:1072D00069462846FDF728F8694628460094FDF7D8
:1072E00023F81020009069462846FDF71DF800227B
:1072F00004212846FDF710F9C820FDF703F8012204
:1073000004212846FDF708F91420FCF7FBFF0021B3
:10731000FD2000F03FF90021122000F03BF9002190
:10732000AE2000F037F90021D52000F033F900211C
:10733000A02000F02FF90021A82000F02BF9002157
:107340003F2000F027F90021D32000F023F900218D
:10735000084600F01FF90021402000F01BF9002131
:10736000A12000F017F90021C82000F013F9002136
:10737000DA2000F00FF90021122000F00BF90021B3
:10738000812000F007F900217F2000F003F900219F
:10739000D92000F0FFF80021822000F0FBF8002146
:1073A000DB2000F0F7F80021342000F0F3F8002192
:1073B000A42000F0EFF80021A62000F0EBF8FFF782
:1073C00003FF0021AF2000F0E5F806B0BDE8F08132
:1073D0003038024000100240000402400008024021
:1073E00070B5114E002400BF04F1B000C0B20021FE
:1073F00000F0D0F80021084600F0CCF80021102061
:1074000000F0C8F85FF0000506EBC5000121005D43
:1074100000F0C0F86D1CEDB2802DF5D3641CE4B211
:10742000082CE1D370BD00005C5200202DE9FE4F16
:1074300081461C460819CDE900190D4600F0FF0BE6
:10744000082B0FD00C2C03D0102C01D0182C65D198
:10745000600700D0012000EBD400610810FB01F0B0
:10746000C0B200E00620203A82465F2A56D2B9F127
:10747000900F53D2402D51D2D0B2029000204AE05A
:10748000082C14D00C2C19D0102C1CD0182C45D141
:107490000298244900EBC00001EB8001002711F89D
:1074A00008605D451BD2F00712D00C9A13E00298D9
:1074B0001D4900EB400001EB4001EFE702981B493A
:1074C00000EB4000E8E71A49029801EB0011E5E7FC
:1074D0000C9828B3002229464846FFF78FFE6D1C02
:1074E0007F1C7608FFB2EDB2082FDAD309F1010054
:1074F00000F0FF09082C0AD00199A9EB0100B0EBBC
:10750000540F04D1009889460830C0B2009008F1A9
:107510000100009DC0B280465045B1D3BDE8FE8F4A
:107520000122D8E7D0B3000844A700086CA90008DE
:10753000E0AD00082DE9F8411D46DDF81C8016007D
:107540000F46044620D0802C1ED2402F1CD2082D7E
:1075500015D00C2D13D0102D11D0182D14D10EE0F4
:107560002B4639462046CDF80080FFF75FFF082DF7
:107570000CD004EB5500C4B2761C802C04D23278B7
:10758000202A01D37E2AEBD9BDE8F881A41DE4B2FC
:10759000F2E700002DE9F0471D4C054609B1012234
:1075A00000E0002208212046FCF7B6FF002210214F
:1075B000A0462046FCF7B0FFDFF85890164F002495
:1075C0004FF40056002231463846FCF7A5FF280646
:1075D00001D5012200E0002208214846FCF79CFF6B
:1075E000012231463846FCF797FF6806641C050EF9
:1075F000E4B2082CE6D30122102144464046FCF7B1
:107600008BFF2046BDE8F04701220821FCF784BF2C
:10761000001002400008024000040240034800211C
:10762000016041608160C16070470000A85E002079
:1076300002F0EAF8044602F0EEF83221B0FBF1F570
:107640000C4E00BF01F02CF9FAF7B6F8B06802F062
:1076500013F930602C4402F0D7F8201A002805DC1A
:107660007068401C706002F0CFF84419204602F0A8
:10767000B4F8E7E70000002010B5044608480521EB
:107680000170FF214170022000F06CFA30B905480A
:1076900040782070FF2801D0002010BD012010BDCF
:1076A000FC4D0020004F00201CB5044609A0D0E985
:1076B0000020CDE90020204600F032F8002801DA51
:1076C00001201CBD05236A4621460448F9F7ABFC9E
:1076D0001CBD0000F3AB01006B000000280200207D
:1076E00070B50D4600F01CF800280EDB6DB1EFF30D
:1076F000108472B6094900EB800001EB800114226E
:107700002846F9F7C9F914B102E0002070BD62B64D
:1077100028680028FAD0012070BD000034520020F3
:10772000B0F5807F05D0B0F5007F04D04FF0FF307A
:107730007047002070470120704700002DE9F0419C
:1077400017468846B0F5803F0AD2B8F1000F07D03F
:1077500037B1082F04D880B2FFF7E2FF002802DA21
:107760000020BDE8F0810F4D00EB800605EB86049C
:107770000020C4F80900C4F80D0004F109003A46DD
:107780004146F9F702F92772FCF7CCFE606055F824
:107790002600401C04D055F82600401C45F8260061
:1077A0000120DEE73452002038B5044608A0006806
:1077B00000902046FFF7B4FF002801DA012038BD11
:1077C00002236A4621460348F9F72DFC38BD000024
:1077D0003A6B00002802002010B54FF0E02000694D
:1077E00002F090FD012803D0BDE8104002F01CBD5E
:1077F00010BD000030B593B030216846F9F786F926
:1078000014210CA8F9F782F91D480025016841F000
:1078100080510160006800F08050119019480168A3
:1078200041F4804101600068022400F4804011901E
:1078300001200090000401908001CDE9064008AAD3
:107840000420A82182E813000B906846FDF744F855
:1078500008B172B6FEE70CA90F2081E831004FF4A1
:10786000A0500F904FF48050109005210CA8FCF709
:1078700029FF002801D072B6FEE713B030BD00002A
:1078800040380240007000400248016841F4700135
:107890000160704788ED00E00148FDF79EBC0000E4
:1078A000E0050020F0B50268274B284D284E294FEF
:1078B000294C4FF0804C984209D0604507D0A8422F
:1078C00005D0B04203D0B84201D0A04204D122F08A
:1078D000700E4A6842EA0E0298421BD0604519D0E9
:1078E000A84217D0B04215D0B84213D0A04211D050
:1078F0001A4DA8420ED01A4DA8420BD0194DA842DD
:1079000008D0194DA84205D0184DA84202D0184DF4
:10791000A84203D122F44075CA682A434D6922F077
:1079200080022A438D68C5620D688562984201D045
:10793000A04201D109690163016841F004010160BD
:10794000012141610260F0BD0000014000040040DF
:1079500000080040000C00400004014000400140CD
:10796000004401400048014000180040001C004055
:107970000020004010B5846842EA032224F47F44CA
:107980000A432243826010BD826822F070020A43DB
:1079900042F0070181607047F0B5036A026A22F085
:1079A0000102026242688469124E24F073050C6879
:1079B0002C4323F002058B682B430D4DA84201D0C8
:1079C000B04205D123F00807CB683B4323F0040302
:1079D000A84201D0B04205D14D6922F4407215434E
:1079E0008A692A4342608461496841630362F0BD49
:1079F0000000014000040140F0B5026A036A23F070
:107A000010030362436884690D6824F4E64444EA81
:107A100005248D6822F0200242EA05120F4D104E17
:107A2000A84201D0B04206D1CF6822F0800242EADB
:107A3000071222F04002A84201D0B04207D14D699E
:107A400023F4406343EA85038D6943EA8503436079
:107A50008461496881630262F0BD0000000001405A
:107A600000040140F0B5026A036A23F480730362E4
:107A70004368C46922F4007224F073050C68124E46
:107A80002C438D6842EA05220E4DA84201D0B04237
:107A900006D1CF6822F4006242EA072222F4806213
:107AA000A84201D0B04207D14D6923F4405343EAC4
:107AB00005138D6943EA05134360C4614968C163D6
:107AC0000262F0BD000001400004014030B5046ACC
:107AD000026A22F4805202624268C3690D6823F48C
:107AE000E64343EA05238D6824F4005444EA053450
:107AF000084DA84202D0084DA84204D14D6922F495
:107B0000804242EA85124260C361496801640462AE
:107B100030BD0000000001400004014010B5036AC0
:107B2000046A24F001040462846924F0F00444EA45
:107B3000021423F00A020A438461026210BD10B5E8
:107B4000036A046A24F010040462846923F0A00329
:107B500024F4704444EA023243EA01118261016272
:107B600010BD000038B50C4D0446002210212846F7
:107B7000FCF7D2FC094A0220A2F58271009023464C
:107B8000A1F15800FDF7BDF8044601221021284656
:107B9000FCF7C2FC204638BD00000240004F002028
:107BA0000148FDF755BD000048040020806B00210E
:107BB000C185816D084770B5846B2068406994F871
:107BC0004110C0F3C0100025212904D118B1E5846B
:107BD000204600F0AEF82068406994F84210C0F3E7
:107BE0008010222904D118B1E585204600F07AF8EA
:107BF000606C40F0100060642046A16DBDE87040EC
:107C0000084730B40146806B096809684FF00002EC
:107C1000C9052ED4C28501680C3151E8003F23F418
:107C2000807341E80034002CF5D10168143151E82B
:107C3000003F23F0010341E80034002CF5D1016836
:107C4000143151E8003F23F0400341E80034002C98
:107C5000F5D1202180F84210016B012909D101687A
:107C60000C3151E8003F23F0100341E80034002CB0
:107C7000F5D14263016B012902D0416D30BC084748
:107C8000818DC26E30BC1047806B01214163016B56
:107C9000012901D0016D0847818DC26E4908104746
:107CA0000146806B09680968C90516D40021C184A2
:107CB0000168143151E8002F22F0800241E80023CE
:107CC000002BF5D101680C3151E8002F42F0400241
:107CD00041E80023002BF5D17047C16C0847806B49
:107CE000816C084701680C3151E8002F22F4907232
:107CF00041E80023002BF5D10168143151E8002F31
:107D000022F0010241E80023002BF5D1016B01298B
:107D100009D101680C3151E8002F22F0100241E82E
:107D20000023002BF5D1202180F8421000210163AF
:107D3000704701680C3151E8002F22F0C00241E881
:107D40000023002BF5D1202180F84110704700005E
:107D5000094981640949C1640949016509494165C5
:107D6000094981650949C1650949016609494166B1
:107D70000949C166704700008D5D00088B5D0008F1
:107D8000335C0008315C00082D56000831550008AE
:107D90002B560008C7550008F554000808B590F8A0
:107DA0004210222901D0022008BD82684FF480537E
:107DB0009A4201D1016921B1816A9A421BD04AB12C
:107DC0000AE00268816A5268C2F308020A80816A86
:107DD000891C08E0026972B10268526802F07F02F1
:107DE0000A70816A491C8162C18D491E0904090C0F
:107DF000C18503D01BE002685268F1E70168CA68D8
:107E000022F02002CA600168CA6822F48072CA6047
:107E100001684A6922F001024A61202180F842107B
:107E200000214163026B012A03D0416D8847002085
:107E300008BD016301680C3151E8002F22F01002E7
:107E400041E80023002BF5D101680A68D20602D56B
:107E50000A6849680091C26E818D9047E7E700008B
:107E600070B5044600680169E26821F4405111438D
:107E700001612169A068E26908436169114308430F
:107E80002168CA6849F20C639A430243CA602068B9
:107E90004169A26921F4407111434161314920686F
:107EA000884202D03049884202D1FCF7D5FC01E07B
:107EB000FCF7C2FCE2690023192164253226B2F5E1
:107EC000004F626828D0A0FB0101930F9200F8F7E1
:107ED0005FFA0146B0FBF5F06FF01802504301EB7A
:107EE000800006EB0010B0FBF5F000F0F002B1FBF3
:107EF000F5F002EB0012B1FBF5F06FF018035843F8
:107F000001EB800006EB0010B0FBF5F000F00F0075
:107F100021681044886070BDA0FB010192185B418C
:107F2000F8F736FA0146B0FBF5F00201B1FBF5F0C7
:107F30006FF01803584301EB800006EBC000B0FB64
:107F4000F5F000F0F80002EB4002B1FBF5F0584309
:107F500001EB800006EBC000B0FBF5F000F007007D
:107F6000D6E70000001001400014014038B58162DE
:107F700004468285002013466064222284F8422051
:107F8000E56B1F4AEA63E56B1E4A2A64E56B1E4AED
:107F9000EA64E26B10650A462168E06B091DFCF794
:107FA00079F930B110206064202084F8420001206B
:107FB00038BD2068016840680090206948B1206899
:107FC0000C3050E8001F41F4807140E80012002A94
:107FD000F5D12068143050E8001F41F0010140E85D
:107FE0000012002AF5D12068143050E8001F41F03B
:107FF000400140E80012002AF5D1002038BD000001
:10800000037C0008897C0008B77B000881628285B8
:10801000C28500214164222180F84210016921B10A
:108020000168CA6842F48072CA6001684A6942F015
:1080300001024A610068C16841F02001C16000206E
:1080400070472DE9F843984617460D460446089EAA
:1080500024E0701C22D0FCF765FAA0EB0800B042C7
:108060001AD8CEB12068C168490717D5802D15D020
:10807000402D13D00168C94309070FD401680025BA
:10808000406800902046FFF72DFE0820606484F8C9
:1080900040500120BDE8F8830320FBE7206800681A
:1080A00035EA000004D00020B842D2D00020F1E729
:1080B0000120F9E70148FDF7CBBA0000E0020020FB
:1080C0000148FDF7C5BA0000580300200148FDF73C
:1080D000BFBA0000D0030020FEE7000010B5044640
:1080E00000680F49884219D16068012801D0022830
:1080F00014D1E068402811D10A49606D88420DD141
:1081000050212046F9F740F8216D884206D104F14C
:108110001000F9F75FFA08B1012010BD002010BD72
:10812000494C4350544D4F4301EE100AF1EE601A92
:10813000B8EEC11AB4EEE11AF1EE10FA07DDB4EEB2
:10814000E01AF1EE10FA02D29FED1A0A704721EE02
:10815000000A1948D0ED060AB5EEC00AF1EE10FA91
:1081600006DDB4EEE00AF1EE10FA01D2B0EE600ADC
:10817000B5EEC00AF1EE10FA08D2F1EE600AB4EEE4
:10818000E00AF1EE10FA01DDB0EE600AD0ED070A68
:10819000B4EEE00AF1EE10FA01DDB0EE600AF1EEA5
:1081A000600AB4EEE00AF1EE10FACFD2B0EE600A47
:1081B0007047000000000000F40000200148007833
:1081C00070470000F40000202DE9F0410D002DED76
:1081D000028B88B080467DD09FED5B0A5B4C85EDBD
:1081E000010A85ED000A00262E72A07801270128D9
:1081F00002D0022805D00BE000F074FB40B9A67055
:1082000006E06178022000F0EBFA08B9A670E7708A
:10821000207800285ED044E0E078A0B300F090F928
:108220009DF8041088423CD100F084F99DF80610B6
:10823000884236D19DF80400022832D19DF805000D
:10824000042805D0052803D0062801D0D0B902E0C3
:1082500000F098F82AE005A9684600F02BF988B1EB
:108260009DF81400617888420CD19DF81E00D4ED71
:10827000020A00EE100AB8EE400AB4EEE00AF1EE8F
:1082800010FA01D226710CE0142269463048F8F742
:1082900003FC2F4805994161069981610799C161E5
:1082A0002771684600F054FA0028B5D12078D8B379
:1082B0002079C8B34146264800F080F9A0B3244E87
:1082C00014367078022836D094ED058ADFED218AC5
:1082D000B07800E02AE0C00709D0B6F90400F0EE5B
:1082E000480AB0EE680AFFF71FFF85ED000AB07874
:1082F000800709D5B6F90600F0EE480AB0EE680A24
:10830000FFF712FF85ED010A95ED000AB5EEC00AF0
:10831000F1EE10FA06D195ED010AB5EEC00AF1EEC4
:1083200010FA0DD001200CE0FFE7267108B0BDEC7B
:10833000028BBDE8F081D4ED038A94ED048AC7E78F
:1083400000202872F2E7000000000000F400002086
:1083500018590020EC51383E10B50446401E06283E
:1083600001D3002010BD00F0D7F8054901204C7062
:10837000087000200871C87002208870012010BDAC
:10838000F400002010B500F0C7F804480021017087
:108390000171C1700121817010BD0000F400002046
:1083A00070B54178037942798579012903D0032991
:1083B00001D0082925D1184CA679B14221D1C17824
:1083C000247AA1421DD186781348163001244178C1
:1083D00036B1022E15D1447183710279A2B117E032
:1083E00003787BB1AB4200D00471521E0F2A08D82B
:1083F00094404288A3B21A4203D11A434280491CD6
:10840000417070BD0570F0E78B4201D1012100E0A1
:108410000021C17170BD0000D400002030B50346BA
:10842000002007240FE000BF13F8012B504000226A
:10843000050602D584EA400000E04000521CD2B29A
:10844000C0B2082AF4D3491E89B2EDD230BDF0B5CE
:1084500048B341B3457935BB0579012D05D0032DCE
:1084600003D0062D01D0082D1DD14789C5797FBACB
:1084700067F30F04878965F307027FBA057A67F30C
:108480001F44467AC789007C7FBA65F30F2267F3E1
:108490000F0366F3174260F3174325B11EB1AE42D6
:1084A00001D3642801D90020F0BD0A604C608B60C4
:1084B0000120F0BDF0B538B331B3457925BB05795E
:1084C000022D01D0042D1FD14789C5797FBA67F3EA
:1084D0000F04878965F307027FBA057A67F31F44A3
:1084E000467AC789007C7FBA65F30F2267F30F03D2
:1084F00066F3174260F31743012D01D0022D03D11B
:10850000350901D1642801D90020F0BD0A604C6012
:108510008B600120F0BD0000EFF3108072B60449BB
:10852000CA788A7000224A70002800D162B670476B
:10853000D40000200148007A70470000D4000020D9
:108540000148807970470000D400002070B5164CB7
:108550000025E570A57065700120E56020716571EA
:10856000A571E5712572657218211048F8F7CEFAE9
:10857000C4F81650C4F81A500D4A03210D48FDF7EF
:10858000FBFA58B90C4A04210A48FDF7F5FA28B954
:10859000012221460748FDF7E1FA08B1012070BD2C
:1085A0002571002070BD0000D4000020005900207B
:1085B0009D870008D0030020C98700083EB50D46FE
:1085C00004001AD06079C0B92079022804D00428A8
:1085D00002D0062805D010E069462046FFF76AFF62
:1085E00003E069462046FFF732FF002804D02068E8
:1085F000281A962801D801203EBD00203EBD00006B
:108600002DE9F047504C0D460026617821B1E16814
:10861000691A142900D96670E560617899B110294A
:1086200000D36670DFF82491617809F80100491CD5
:10863000C8B2607010287BD14F4607F5A87838780B
:1086400066280DD102E066287BD1EBE7F87B77281E
:1086500006D1787800F04AF910B1B878062805D923
:10866000D8F80810491CC8F808100BE00E2138464D
:10867000FFF7D4FEB97B8842404619D04168491CB7
:10868000C8F80410012049460A5C662A03D0401C41
:10869000C0B21028F8D3102852D0C0F11002D2B2C4
:1086A00009EB00016270BDE8F0472848F8F7B2B95D
:1086B0000168491C016099F80120A37949469A4252
:1086C00003D1CB78277ABB4202D043695B1C43615C
:1086D000E378A7785B1C03F00F03BB4229D0E07856
:1086E00000EB80071948103040F82750E57805EB7B
:1086F000850500EB85052A718A78E57805EB850507
:1087000000EB85056A71CA78E57805EB850500EB15
:108710008505AA71E27802EB820200EB82004A68CA
:1087200040F8072F8A68426089890181E37004E07C
:1087300007E0C168491CC8F80C100448FFF730FE78
:108740006670BDE8F0870000D4000020B05700201C
:1087500070B500280AD0EFF3108472B60D4DA978D9
:10876000EA78914203D104B962B6002070BDA978BD
:10877000094A01EB810102EB81011422F8F78CF91F
:10878000A878401C00F00F00A87004B962B6012060
:1087900070BD0000D4000020C057002070B5054611
:1087A000FBF7C0FE074C01462078FFF729FF0122A6
:1087B00021462846FDF7D2F9002801D0012020717A
:1087C00070BD0000D400002003480169491C01610C
:1087D000024901200871704700590020D400002090
:1087E00070B50D46044600F081F838B10021681ECE
:1087F0000123022C04D0042C05D035B1012070BD1A
:10880000052802D9FAE70228F8D80E4A907984425E
:1088100002D1D079854211D05079401C50719471A9
:10882000D571507910725372EFF3108072B6C2F89E
:108830001610C2F81A1000B100E062B6BDE8704030
:1088400000F002B8D400002070B5134D687A0028FB
:1088500005D0124890F84100202801D0022070BDB8
:108860000D4C662010342070A8796070E879A070F3
:10887000287AE07004212046FFF7D0FD2071772090
:108880006071062221460548FDF766FA0028E6D108
:108890000021697270BD0000D4000020D0030020C8
:1088A000F8B50E4C2079002817D0EFF3108572B67A
:1088B0000B48FCF73EFE68B90948002600680168CD
:1088C000406800906670012204490548FDF746F9AA
:1088D00000B92671002D00D162B6F8BDD400002089
:1088E000D003002000210846FFF77ABF0A2808D2EB
:1088F000DFE800F00505050505070507050501206A
:10890000704700207047000008B5FEF793FB002871
:1089100011D10A49062008700120FFF723F948B950
:108920006846FEF7A9FE28B99DF8000000F0030094
:10893000022801D0012008BD002008BDFC4D002008
:108940001CB5F3218DF800008DF80110AB218DF8D6
:10895000021000218DF803108DF804106B218DF8A2
:108960000510024601230621684600F099FA1CBD55
:108970001CB5F3218DF800008DF80110AB218DF8A6
:10898000021001218DF8031000218DF804106B21D5
:108990008DF80510024601230621684600F080FA92
:1089A0001CBD00000148806970470000C401002020
:1089B00070B50F4C0025E571A5716571012020721D
:1089C0000C4A03210C48FDF7D7F858B90B4A04218B
:1089D0000948FDF7D1F828B90122211D0648FDF705
:1089E000BDF808B1012070BD2572002070BD0000E7
:1089F000C40100208D8A000848040020418B000833
:108A000010B50B4C0020207060702061E070606138
:108A1000E060A061A070074A01210748FDF7ACF8AB
:108A200000284FF0010001D1A070002010BD00000F
:108A3000C4010020658C00084804002030B50028DF
:108A40000AD0EFF3108372B60E4A9179D479A1421D
:108A500003D103B962B6002030BD0B4C00219579DB
:108A600004EB85056D5C4554491CC9B20429F6D355
:108A70009079401C00F00F00907103B962B601209C
:108A800030BD0000C4010020675E00202DE9F041E8
:108A90008046FBF747FD284C0022216A411A142921
:108AA00000D962712062244960791C3104280BD0FE
:108AB00000D36271607923790B5400F10100C0B2D8
:108AC000607104280BD02AE000200B185B780B544F
:108AD000401CC0B20328F8D303206071EAE708788D
:108AE000E8B14878F32803D0F62801D0FE2816D143
:108AF000C8786B2813D1E079401C00F00F03A079EF
:108B000083420BD00D4D0020E7790E5C05EB870703
:108B10003E54401CC0B20428F6D3E371627106498A
:108B20000122091D4046FDF719F8002801D0012057
:108B30002072BDE8F0810000C4010020675E0020C3
:108B40000149012008727047C4010020F8B50E4C9D
:108B5000207A002817D0EFF3108572B60B48FCF787
:108B6000E8FC0A4800260068016840680090064951
:108B700066710122091D0548FCF7F0FF00B9267255
:108B8000002D00D162B6F8BDC401002048040020C9
:108B900070B5164CA078002822D0FBF7C3FC06461F
:108BA000EFF3108572B6124890F84100202806D0E5
:108BB0002069301A0A2810D30D48FCF705FD6078AB
:108BC00048B1E068301AB0F57A7F04D300206070B5
:108BD000A069401CA06125B104E0002D00D162B65F
:108BE00070BD62B6BDE8704000F04CB8C401002012
:108BF000480400201CB540F6B834A24200D92246F1
:108C00008DF80000F6248DF801408DF80210110A4D
:108C10008DF804208DF803108DF8053000218DF8B3
:108C200006106B218DF807100246002308216846C4
:108C300000F036F91CBD1CB5FE218DF800008DF842
:108C4000011098218DF8021000218DF803106B217E
:108C50008DF80410024601230521684600F020F932
:108C60001CBD000010B5064C00206070FBF75AFCDC
:108C700060610120E070BDE8104000F003B8000022
:108C8000C4010020F8B52B4CA078002843D0EFF3A6
:108C9000108572B6E07828B1FBF744FC6169401A90
:108CA000022835D30027E770607878BB00206B4638
:108CB0002149012622780DE000EB400C0CEBC00CA2
:108CC0008C449CF80AC0BCF1000F01D0187005E07C
:108CD000401CC0B29042EFD3D2B11F709DF800008B
:108CE00000EB400202EBC0021144134A0B688032D1
:108CF00013634B6853630B891387897A82F83A10A0
:108D000000F0A8F86670FBF70DFCE06025B104E008
:108D1000002D00D162B6F8BD62B60748B0300146FA
:108D2000027A0648FDF718F80028F4D1FBF7FAFBA1
:108D30002061F8BDC4010020AC5D00204804002083
:108D40002DE9F047414C05004FF000070ED0287A7E
:108D500060B108280AD8A07840B1EFF3108872B645
:108D6000A87ADFF8EC90012806D024E0A069401C26
:108D7000A0610020BDE8F0876878FE2803D0F328C2
:108D80003FD1E878C0BB002612E000BF06EB4600EA
:108D900000EBC6014944887A40B9687A10B1497A33
:108DA000814203D1304600F055F801E0761CF6B25E
:108DB00020788642EAD3A87AF0B900204946227882
:108DC0001DE000BF00EB400303EBC0030B449E7AA1
:108DD0009EB95B7A6E7AB3420FD100EB400202EB90
:108DE000C00048442968016069684160298901819F
:108DF000A97A817201271CE003E0401CC0B29042B6
:108E0000E0D32078102814D200EB400101EBC0021F
:108E100002EB09012A680A606A684A602A890A81A5
:108E2000AA7A401C8A7201272070B8F1000F06D080
:108E30000AE0B8F1000F00D162B617B104E062B6E3
:108E400002E0A069401CA061384693E7C4010020FD
:108E5000AC5D002070B5104B104C197811E000BFCC
:108E600000EB400505EBC0002044D0F80B50056036
:108E7000D0F80F504560B0F813500581457D8572DC
:108E8000D0B2421CD6B20D468E42E9D3002901D0A1
:108E9000691E197070BD0000C4010020AC5D002087
:108EA0003EB5F8B18DF808108DF809208DF80A301C
:108EB000002214466B469C54521CD2B2082AFAD3A4
:108EC000002203E0845C9C54521CD2B28A4201D23C
:108ED000082AF7D31846FFF733FF18B1FFF7D2FE81
:108EE00000203EBD01203EBD04488178002904D009
:108EF000C078002801D0FFF7C5BE7047C40100202C
:108F00004100080218BF04200A0E18BF40F00100FB
:108F10004FF07F4232EA010108BF40F00200012811
:108F200008BF052070470907090E002804DB00F17F
:108F3000E02080F80014704700F00F0000F1E020FE
:108F400080F8141D7047000010EE101A08B5444A4E
:108F50006846B2EB410F28D94FF0E640B0EB410F25
:108F600094BF00204FF0FF3000900098002861DB94
:108F700060EE000A10F0010F45D010F0020FDFED97
:108F8000391A9FED391A00EEE11ADFED381A40EE7A
:108F9000811A21EEA01AF0EE400A40EE010A08BF45
:108FA000F1EE600AB0EE600A08BD314B21F00042DC
:108FB00093423CD911F0004FDFED2E0A20EE201A2B
:108FC000DFED2D0A19BF31EE601A71EE200A31EE85
:108FD000201A71EE600ABDEEE01A11EE100A9FED44
:108FE000271A00F0030000EEC10A9FED251A009039
:108FF00000EEC10A9FED231A00EEC10A9FED221A6E
:1090000000EEC10AB1E79FED211A9FED210A10F091
:10901000020F00EE810A9FED1F1A00EE801AB7EED4
:10902000000A00EE810A18BFB1EE400A08BD00F048
:1090300067F99AE710EE100A4000B0F17F4F3CBF8D
:10904000B7EE000A08BD07D14FF00100F7F78DFD1C
:10905000BDE8084000F044B9BDE8084000F03CB964
:10906000B61F927E336D4C39DA82083CA0AA2ABE24
:10907000490E494683F9223F0000004B0000C93FDA
:1090800000A0FD390020A2331A61342CB93AB2BADB
:10909000CA9F2A3DDDFFFFBE10B52DED028BF0EE1D
:1090A000408A18EE900AB0EE608A20F00040C0F1CD
:1090B000FF40C00F07D118EE100A20F00040C0F1A9
:1090C000FF40C00F2BD018EE101A18EE900A01F0D6
:1090D0005DFA00EE100A10EE100A6FEAD05010F0A0
:1090E000FF0F04BFBDEC028B10BD18EE900A00F01C
:1090F000004110EE100A00F00040814204BFBDECB8
:10910000028B10BD18EE101A10EE100ABDEC028B87
:1091100061F31E0000EE900A30EE600A10BD18EEFA
:10912000900A4FF07F41B1EB400F1CBF18EE100AC0
:109130005FEA4000C7D10120F7F717FDBDEC028BB5
:10914000BDE8104000F0CCB800B510EE101A2DEDBF
:10915000028B81B0524A6846B2EB410F2ED94FF0D4
:10916000E640B0EB410F94BF00204FF0FF3000907D
:109170000098B0EE408A00286ADB10F0010F4BD057
:1091800068EE080A9FED471A9FED470A00EE810A34
:109190009FED461A10F0020F00EE801AB7EE000A9B
:1091A00000EE810A02BF01B0BDEC028B00BD00BF22
:1091B00001B0B1EE400ABDEC028B00BD3C4B21F08A
:1091C0000042934241D911F0004FDFED3A0A20EE00
:1091D000201ADFED390A19BF31EE601A71EE200A4C
:1091E00031EE201A71EE600ABDEEE01A11EE100A9F
:1091F0009FED321A00F0030000EEC10A9FED301A15
:10920000009000EEC10A9FED2F1A00EEC10A9FEDFB
:109210002E1A00EEC10AABE728EE080A9FED2B1AC2
:10922000DFED2B0A10F0020F40EE410A9FED291AE4
:1092300000EE201A61EE000AB0EE480A08EE200A9D
:10924000B6D101B0BDEC028B00BD00F059F88FE73C
:1092500018EE100A4000B0F17F4F0DD218EE100A40
:10926000FFF74EFE042808BF00F042F8B0EE480AAF
:1092700001B0BDEC028B00BD09D10120F7F775FCF0
:1092800001B0BDEC028B5DF804EB00F029B801B031
:10929000B0EE480ABDEC028B5DF804EB00F01CB8A0
:1092A000B61F927EB93AB2BACA9F2A3DDDFFFFBE11
:1092B000490E494683F9223F0000004B0000C93F98
:1092C00000A0FD390020A2331A61342C336D4C39D3
:1092D000DA82083CA0AA2ABE30EE000A70470000DD
:1092E000DFED020A80EEA00A7047000000000000D7
:1092F0009FED020A20EE000A7047000000000010F7
:109300002DE9F0014FF07F42B2EB410F9FBF4FF0CC
:10931000FF310160BDE8F00170474FF0004242EAC2
:109320000123C1F3C752783A551112F01F0C434C78
:10933000CCF120067C44C1F3C752A2F178024FEA77
:10934000621204EB820254F8254008BFD2E90156AC
:1093500012D0556804FA0CF425FA06F73C439768D6
:1093600005FA0CF527FA06F8D26807FA0CFCF24069
:1093700045EA08054CEA0206A4FB034CA5FB035290
:10938000A6FB03631D449D4234BF0126002613192A
:10939000334416B1934202D903E0934201D2012231
:1093A00000E00022624402F1200C9206DC0C42EA4A
:1093B000443200EE102A5B03DFED210AF8EEC01AFA
:1093C00000EE103A4FEA9C1C11F0004FB8EE400A34
:1093D000C0F800C020EE201A00EE105ADFED190A86
:1093E000B8EE400A20EE200A71EE810A70EE800A83
:1093F00010EE902A02F500626FF30B0200EE902A45
:1094000070EEE11A31EEC11ADFED101A30EE411A9A
:109410009FED0D0A20EE800A01EE210A9FED0C1A45
:1094200000EE810A04BFBDE8F0017047CCF1805125
:109430000160BDE8F001B1EE400A7047D03600008F
:10944000000000360000802C22AAFD29DB0FC92F66
:109450000000C92F30380A2801D2012070470020AF
:1094600070470000F0B500252DED048B8DB0164639
:109470000F4604460195029503959FED888A049551
:109480008DED078A8DED088A8DED098AFCF778FF4E
:1094900000EE104A824CB8EEC00AD4ED080A30EE55
:1094A000600A84ED0C0A00EE107AD4ED090AB8EED9
:1094B000C00A30EE600A84ED0D0A00EE106AD4EDA9
:1094C0000A0AB8EEC00A30EE600A10EE100A84ED07
:1094D0000E0A6FEAD05010F0FF0F01D184ED0E8A12
:1094E0009FED708A94ED0E0AF0EE480AFFF7D4FD66
:1094F00010EE100A6C4984ED0E0A884202DD30EE4F
:10950000480A06E010EE100A6849884203D930EE96
:10951000080A84ED0E0A94ED0A0ADFED658A60EE12
:10952000280A9FED649A80EE890AFFF70DFDB0EEE0
:10953000408A94ED0A0A60EE280A80EE890AFFF755
:1095400003FE94ED0C2AD4ED0D1AF0EE400A28EE3D
:10955000021A94ED010A07A800EEE11A60EE820AF1
:1095600048EE210A20EE010AB1EE041A8DED070A39
:1095700094ED020A20EE200A8DED080AD4ED060AC9
:1095800094ED040A00F000F9B1EE041AD4ED060AD5
:1095900094ED040A08A800F0F7F894ED030AD4ED5E
:1095A0000E0AB1EE041A09A820EE200A8DED090A70
:1095B000D4ED070A94ED050A00F0E6F807A901A822
:1095C00091EC030AFCF7B8FD3B4EDFED3C0AE26A82
:1095D000002101ABA6F1100E53F8210056F821C06E
:1095E0001746A0EB0C00904202DC5742B84200DA6A
:1095F0003846604400EE100A43F82100B8EEC00A75
:1096000020EE200ABDEEC00A10EE107A4EF821704E
:1096100046F82100491CC9B20429DDD3284F206B2C
:109620000121B84210DA274EB0420DD2636BBB4223
:109630000ADAB34208D2244EA36BB34204DA234EB3
:10964000B34201D2617000E06570214EB04220DA71
:10965000204B98421DD2606BB0421ADA984218D261
:10966000A06BB0F17C5F14DAB0F13F4F11D2E06B28
:10967000DC2801D21044E063A078FF2801D2401C0E
:10968000A070E06BDC2806D321700DB0BDEC048B1C
:10969000F0BDA570E5632570F7E70000000000004D
:1096A000E80100200000B44300003443000034C34C
:1096B000DA0F494000003443B85E002046B6733EDE
:1096C0000000C8420000C8C20000F0410000F0C124
:1096D0000000A0400000A0C008B5FAF731FFFEF777
:1096E00089F8FCF7D3FBFCF793FBFCF7D1FCFCF704
:1096F0006DFBFCF729FCFCF78DFCFCF7E5FCFCF7A7
:10970000FFFCFCF7A9FCFDF791FD01200090102360
:109710001AA218212C20FDF70DFFFDF761FE194854
:10972000F7F7A9FC30B11748002102685161052103
:1097300080F82010FDF7BAF8FEF708FF08B172B6FE
:10974000FEE7FFF75DF908B172B6FEE7FFF730F903
:1097500008B172B6FEE7FCF7A1FDFCF705FEFCF7C9
:1097600032FD6420FAF7CEFDF7F786FF00F056F8D9
:10977000FCF77CFB00F064F8FEE700005245414432
:109780005900000028020020002825D0D0ED001A42
:10979000F4EEC11AF1EE10FA02DD71EEA00A0BE050
:1097A000B1EE411AF4EEC11AF1EE10FA02D3D0ED87
:1097B000000A03E071EEE00AC0ED000AF4EEC00A10
:1097C000F1EE10FA06DCB1EE400AF4EEC00AF1EE5A
:1097D00010FA01D280ED000A704738B50546EFF364
:1097E000058010B16FF005040CE0002400F098FD36
:1097F000291A0090002903DD684600F0D1FB01E042
:109800006FF00304204638BDEFF3058008B100F087
:109810008DBD00F085BD4FF47A707047EFF3058081
:1098200010B16FF0050070470448016811B14FF0A6
:10983000FF30704701210160002070475800002070
:1098400010B5EFF3058010B16FF0050010BD0848AA
:109850000168012902D04FF0FF3010BD054A0021F8
:1098600082F8141D0221016000F0E0FB002010BD11
:10987000580000200BE000E010B5EFF3058121B99E
:1098800018B100F095FA800010BD002010BD000056
:109890002DE9FF414FEA01034FF00005EFF3058189
:1098A000039549BB40B38027182100244AB31668AA
:1098B00006B1344696691EB13146761E382E02D264
:1098C0001679F60703D0002004B0BDE8F081566990
:1098D00006B1B708D2F808C0BCF1000F0DD0D568AA
:1098E0005C2D18D312693AB136B18DE806103A46AC
:1098F000214600F0DCFC03900DE0D6685EB91269E9
:109900004AB903AACDE90012BAB2214600F0A2FC7E
:10991000012800D003950398D6E700002DE9F04117
:10992000134C0F460546E6682068001D00F02CFA2F
:10993000681C07D137B12168BDE8F0410D48091D09
:1099400000F080BA20683544B5424560216805D2F0
:10995000A06BBDE8F041091D00F05CBA606B091D09
:1099600000F058FAA06A854200D2A562BDE8F081F5
:109970001C000020D80A00202DE9F041054600F027
:109980006DFA2D4CA068401CA06020682B4F10B1D0
:10999000606930B32BE02560A068012827D100263C
:1099A00006EB860007EB800000F026FA761C382EC6
:1099B000F6D3234800F020FA2148143000F01CFAB6
:1099C0001F48283000F018FA1D483C3000F014FA07
:1099D0001B48503000F010FA194860631430A0633F
:1099E00005E02068E96AC06A884200D82560606A9C
:1099F000401C60626864E86A2169884200D920617D
:109A000000EB800007EB8000291D00F01BFA00F03E
:109A100045FA606900280CD02068E96AC06A88426B
:109A200007D208494FF080500860BFF34F8FBFF353
:109A30006F8FBDE8F08100001C0000202806002088
:109A4000880A002004ED00E010B5044690F85900A3
:109A500058B101280CD002280FD0502080F3118873
:109A6000BFF34F8FBFF36F8FFEE7206B00F02AFA32
:109A70002046BDE8104000F025BA10BD10484FF454
:109A80007051420706D0C01D0D4920F00700411A51
:109A9000C1F570510B4A00230144C2E900030839A3
:109AA000183A21F0070111604B600B600B1AC0E9F6
:109AB000001393604FF00040536050617047000006
:109AC000A411002074000020144E154CA6F29C47EF
:109AD0004FF08058DFF84C9012E000BF00F0BEF964
:109AE000F068C568281D00F04FF9A068401EA0600E
:109AF0006068401E606000F0D1F92846FFF7A4FFBF
:109B000060680028EAD138680128F9D9C9F80080CE
:109B1000BFF34F8FBFF36F8FF2E70000C40A00203E
:109B20001C00002004ED00E02DE9F05F8846DDE92F
:109B30000B941546834691009A460A9EA522206BF7
:109B4000F6F7DCFF6FF00301206B01EB85010844A1
:109B500020F00707780707D0502080F31188BFF363
:109B60004F8FBFF36F8FFEE70025B8F1000F0FD0C6
:109B70005FF00000221818F8001082F8341018F86E
:109B8000001011B1401C1028F4D384F8435001E0B8
:109B900084F83450382E00D33726E662C4E91365C2
:109BA000201D00F034F904F1180000F030F92461B0
:109BB000C6F138006462A061656584F85850524669
:109BC0005946384600F0CAF82060B9F1000F01D0BC
:109BD000C9F80040BDE8F09F30B5114900E01146DA
:109BE0000A688242FBD34B685C18844203D1406808
:109BF00018444860084643681C18944209D1084C30
:109C0000183C2468A24209D052681A4442600A688B
:109C100012680260814200D0086030BD0460F9E73C
:109C2000740000200648416B096829B1416BC9687E
:109C3000C9684968816270474FF0FF31FAE7000058
:109C40001C000020002101E0401C491C0278A52ACC
:109C5000FAD0C1F38F00704708484068401C4FF0AD
:109C6000500080F3118804D0BFF34F8FBFF36F8F84
:109C7000FEE7BFF34F8FBFF36F8FFEE77C0000203E
:109C80002DE9F0410546002700F006FA324E306813
:109C900008B9FFF7F3FE706905424ED1C5B3083528
:109CA00068070ED005F00700C0F1080005446807FA
:109CB00007D0502080F31188BFF34F8FBFF36F8F11
:109CC000FEE72DB37068854237D823481830014627
:109CD0000C6801E020460C466168A94202D2216866
:109CE0000029F7D131688C4227D0076821680160CC
:109CF00060680837411B10290FD96019420708D046
:109D0000502080F31188BFF34F8FBFF36F8FFEE7B2
:109D100013E041606560FFF75FFF61687068401A9B
:109D20007060B268904200D2B06070690143002058
:109D3000C4E90001F068401CF06000F063FB7807A4
:109D400007D0502080F31188BFF34F8FBFF36F8F80
:109D5000FEE73846BDE8F0815C00002010B5031F27
:109D60004FF080741C601B1F21F001011960191F46
:109D7000044B0B6014390A60091F6FF0020244386B
:109D80000A6010BD599C0008D0E9013201699A604F
:109D9000D0E901235A604A68824201D182684A6050
:109DA000002202610868401E0860086870470000D1
:109DB00008B902480068006BFFF744BF1C00002090
:109DC000034B036003F15C00086080201060704763
:109DD000EC0A0020BFF34F8F05480168054A01F4E3
:109DE000E06111430160BFF34F8F00BFFDE700004A
:109DF0000CED00E00400FA0500F108014FF0FF321D
:109E0000C0E90112C16001610021016070470021B9
:109E10000161704730B50B685A1C02D000F108028E
:109E200002E0026904E02246546825689D42FAD99E
:109E300053684B6099608A60516008610168491CF1
:109E4000016030BD42684A6093688B6093685960D6
:109E5000916008610168491C01607047502080F3DF
:109E60001188BFF34F8FBFF36F8F0A494868401CBA
:109E7000486001280CD10848006810F0FF0F07D097
:109E8000502080F31188BFF34F8FBFF36F8FFEE731
:109E9000704700007C00002004ED00E0084948689D
:109EA00028B1401E486001D180F3118870475020CE
:109EB00080F31188BFF34F8FBFF36F8FFEE7000071
:109EC0007C00002070B500282AD0164DA0F10804AF
:109ED00060686969084207D1502080F31188BFF398
:109EE0004F8FBFF36F8FFEE722683AB1502080F3A7
:109EF0001188BFF34F8FBFF36F8FFEE78843606019
:109F000000F0CAF860686968084468602046FFF796
:109F100063FE2869401C2861BDE8704000F072BAF9
:109F200070BD00005C0000204FF0E02000210161C6
:109F3000816105494FF47A720968B1FBF2F1491E5B
:109F400041610721016170471800002010B5F6F744
:109F5000FBF9114910280ED300F1E02090F8F0032E
:109F60000A78904207D2502080F31188BFF34F8FB8
:109F7000BFF36F8FFEE709480068896800F4E0606E
:109F8000884207D9502080F31188BFF34F8FBFF369
:109F90006F8FFEE710BD00007C0000200CED00E09C
:109FA00070B50D4604000BD095B11E4A106BB8B1C8
:109FB000502080F31188BFF34F8FBFF36F8FFEE700
:109FC000502080F31188BFF34F8FBFF36F8FFEE7F0
:109FD000502080F31188BFF34F8FBFF36F8FFEE7E0
:109FE00000F05AF8D26823685919934204D98B4279
:109FF0000AD9914202D807E08B42FAD9881A216027
:10A000000021FFF78BFC00E0216000F0FBF9002845
:10A0100007D105494FF080500860BFF34F8FBFF361
:10A020006F8F70BD1C00002004ED00E010B586B0FD
:10A030000024039405AA04A903A80494FFF7C0FE12
:10A04000DDE903010094CDE9011000230EA11048C1
:10A05000059A00F02CF90F490028C86211D0502051
:10A0600080F31188BFF34F8FBFF36F8F4FF0FF3036
:10A07000886201204861CC6006B0BDE8104000F065
:10A0800059B806B010BD000049444C45000000001E
:10A09000C99A00081C0000200248016B491C01639A
:10A0A000704700001C00002010B5204C206B10B140
:10A0B0000120E06110BD0020E06120684FF0A53173
:10A0C000006B02688A4208D142688A4205D18268E0
:10A0D0008A4202D1C068884204D0216820683431A5
:10A0E000FFF778FE2069124901E0B8B1401E00EB8D
:10A0F000800251F82220002AF7D000EB800201EB09
:10A10000820101F108034A6852684A609A4201D10B
:10A1100052684A60D1682160206110BD502080F3F0
:10A120001188BFF34F8FBFF36F8FFEE71C00002035
:10A13000280600201CB537480168374A914207D1EC
:10A14000502080F31188BFF34F8FBFF36F8FFEE76E
:10A1500000683149491E884207D1502080F3118898
:10A16000BFF34F8FBFF36F8FFEE72C490878019044
:10A17000FF20087008788DF800009DF800009DF819
:10A18000002000F0F000904207D0502080F31188AA
:10A19000BFF34F8FBFF36F8FFEE79DF80000204C99
:10A1A00000F0500020700720A06005E09DF800201E
:10A1B00052008DF80020401E9DF800201206F5D4B4
:10A1C000A060032807D0502080F31188BFF34F8F81
:10A1D000BFF36F8FFEE74FF44070A06001980870E6
:10A1E0000C482030016841F470010160016841F0C1
:10A1F00070410160FFF798FE00206060F6F76CF890
:10A200000848016841F040410160F6F751F800202C
:10A210001CBD000000ED00E071C20F4100E400E051
:10A220007C00002034EF00E010B5502080F311884E
:10A23000BFF34F8FBFF36F8F00F080F818B1044960
:10A240004FF080500860002080F3118810BD00009E
:10A2500004ED00E02DE9FF5F8346DDE90E879946B6
:10A2600016468A469000FFF70BFD05001CD05C20C7
:10A27000FFF706FD040014D00020256384F8590080
:10A28000CDE90240CDE900874B463246514658465B
:10A29000FFF74AFC2046FFF76FFB012004B0BDE842
:10A2A000F09F2846FFF70EFE4FF0FF30F6E7F0B5BF
:10A2B00085B0DDE90B640A9DA6B1DCB15C2700978F
:10A2C0002663022684F85960002604AFCDE90246D1
:10A2D000CDE90057FFF728FC2046FFF74DFB049817
:10A2E00005B0F0BD502080F31188BFF34F8FBFF34E
:10A2F0006F8FFEE7502080F31188BFF34F8FBFF3BD
:10A300006F8FFEE70548416919B1006B18B1002055
:10A310007047012070470220704700001C00002099
:10A320000148C068704700001C00002010B5FFF70E
:10A330000DFE0148C06810BD1C0000202DE9F04151
:10A340002E4C0027206B28B1A069401CA061384624
:10A35000BDE8F081E668761CE66013D1606B0068AA
:10A3600038B1502080F31188BFF34F8FBFF36F8F48
:10A37000FEE7606BA16B6163A063206A401C2062F2
:10A38000FFF750FCA06ADFF87880864209D3606B43
:10A390000068A0B1606BC068C5686868864211D269
:10A3A000A0622068C06A00EB800158F821000128F3
:10A3B00000D90127E0690028C9D00127C7E74FF07D
:10A3C000FF30EDE7281DFFF7DFFCA86A18B105F1A3
:10A3D0001800FFF7D9FCE86A2169884200D920619A
:10A3E00000EB800108EB8100291DFFF72BFDE86AD7
:10A3F0002168C96A8842CAD30127C8E71C00002027
:10A40000280600202DE9F0472C4D00242746286B14
:10A4100038B1FFF723FD286B401E2863286B40B13D
:10A4200046E0502080F31188BFF34F8FBFF36F8F4A
:10A43000FEE7A968224E0120D1B3A6F591698046B6
:10A440003068E0B1F068C46804F11800FFF79CFCC4
:10A45000201DFFF799FCE06A2969884200D928612C
:10A4600000EB800109EB8100211DFFF7EBFCE06AA6
:10A470002968C96A8842E3D3C5F81C80E0E70CB1BB
:10A48000FFF7D0FBAC694CB14FEA0806FFF756FF67
:10A4900000B1EE61641EF9D10020A861E86938B10D
:10A4A0000849012738070860BFF34F8FBFF36F8F4C
:10A4B000FFF7F4FC3846BDE8F08700001C000020E0
:10A4C000B00A002004ED00E010B500290AD0087899
:10A4D000002807D005487844F6F7BAFC002801D0D8
:10A4E000002010BD0248784410BD0000722A000010
:10A4F0006A2A00000EF1020E2EF0030E5EF8044BE5
:10A50000244204D44FEA4102B2F17F4F11D84FEAFE
:10A510004003B3F17F4F0CD80ED14FEAD07CB2F19B
:10A520007F4F0CEB4C0C0CF1020C08BF4CEBD17CB8
:10A5300004E04FF0080C01E04FEAD17C0CEB4C0337
:10A5400024FA03F404F00704B4F1040C06D20EEB71
:10A55000840CBDE810404CF0010C6047DFE80CF0C3
:10A56000070802024FF00040A0F5800010BD084629
:10A57000420018BFD2F1807288BF00F0004010BDC9
:10A580004FF04070E1EE100A704700004FF07F4C32
:10A590003CEA410318BF3CEA400200F062804FF4FD
:10A5A0007F0C10F0004F0CEAD11318BF43F00503E5
:10A5B0001CEAD01218BF13EA0C0F00F057804FF0BE
:10A5C000004C4CEA00204CEA0121A3F580339A426A
:10A5D00010DDB0F1004F23F0020306D3401A43F020
:10A5E0000203BCBF404283F001034FEA4000A2F5E2
:10A5F0008032ECE74FEA224CBCEB234F08DB884269
:10A6000006D31CD0A0EB4100C0F1000083F0010391
:10A6100040001DD217D40DD0B0FA80FC0CF1010C13
:10A6200000FA0CF0A2EB0C42D2F1000C12DB4FEA64
:10A63000C37070474FEA437000F00040704713F05A
:10A64000020FE5D0DEE7B2F580324FEA4000EBDDE5
:10A65000002AE9DD4FEAC21242EA502040EAC37004
:10A66000704710B5FFF746FFEDFFFF3E1CEAD11F14
:10A6700002D000F000407047004870470000C07FE3
:10A6800028CA0008000000000000000000000000D0
:10A69000000000000008000018000000000000009A
:10A6A0000000000000061016000610160000000052
:10A6B0000000000001020304060708090000000072
:10A6C0000102030400000000000000000000000080
:10A6D000000000000000000000000000000000007A
:10A6E0000000FAC30000FAC30000803F0000803F72
:10A6F000000048C10000F0C10000000000000000A0
:10A70000000020C1000048420000484200004842CA
:10A7100000803B4500803B450000C8420000C84225
:10A720000000FA430000FA4300E0DF44000000406C
:10A73000000048410000F0410000FA430000A04042
:10A74000000020410000000000000000002F000079
:10A7500000000700070000147F147F1400242A7FE4
:10A760002A12006264081323003649552250000063
:10A770000503000000001C224100000041221C00D3
:10A780000014083E08140008083E0808000000A055
:10A790006000000808080808000060600000002051
:10A7A00010080402003E5149453E0000427F40002F
:10A7B000004261514946002141454B3100181412B5
:10A7C0007F10002745454539003C4A494930000182
:10A7D0007109050300364949493600064949291ED1
:10A7E0000000363600000000563600000008142233
:10A7F0004100001414141414000041221408000233
:10A800000151090600324959513E007C1211127C57
:10A81000007F49494936003E41414122007F414184
:10A82000221C007F49494941007F09090901003E76
:10A830004149497A007F0808087F0000417F4100B4
:10A84000002040413F01007F08142241007F40402A
:10A850004040007F020C027F007F0408107F003E12
:10A860004141413E007F09090906003E4151215EF8
:10A87000007F091929460046494949310001017FF5
:10A880000101003F4040403F001F2040201F003F8B
:10A890004038403F0063140814630007087008073D
:10A8A00000615149454300007F41410000552A5550
:10A8B0002A55000041417F000004020102040040CB
:10A8C00040404040000001020400002054545478ED
:10A8D000007F48444438003844444420003844440D
:10A8E000487F00385454541800087E0901020018AB
:10A8F000A4A4A47C007F080404780000447D4000E8
:10A90000004080847D00007F102844000000417FCB
:10A910004000007C04180478007C080404780038A7
:10A920004444443800FC242424180018242418FC2F
:10A93000007C0804040800485454542000043F4498
:10A940004020003C4040207C001C2040201C003C5B
:10A950004030403C004428102844001CA0A0A07CAB
:10A96000004464544C4414141414141400000000E3
:10A9700000000000000000000000FC0000000000DB
:10A9800002000000000C020C0200000000000000A9
:10A9900090D0BCD0BC900003000300001824FE44FB
:10A9A0008C000302070201001824D8B04C80000379
:10A9B00000010201C038E438E00001020201020295
:10A9C000080600000000000000000000000000F881
:10A9D0000402000000010204000204F80000000468
:10A9E000020100009060F86090000000010000008B
:10A9F0002020FC20200000000100000000000000DA
:10AA00000000080600000000202020202000000098
:10AA10000000000000000000000000020000000034
:10AA20000080601C0200040300000000F80404041D
:10AA3000F8000102020201000008FC000000000210
:10AA400003020000188444241800030202020200DA
:10AA500008042424D80001020202010040B088FC4E
:10AA600080000000000302003C242424C4000102F2
:10AA700002020100F824242CC0000102020201009D
:10AA80000C04E41C0400000003000000D82424246B
:10AA9000D80001020202010038444444F8000003D7
:10AAA000020201000000100000000000020000008F
:10AAB0000000200000000000060000000020508878
:10AAC00004020000000001029090909090000000AD
:10AAD0000000000000020488502000020100000075
:10AAE0001804C4241800000002000000F804E494D4
:10AAF000F80001020202020000E09CF08000020364
:10AB00000000030204FC2424D80002030202010016
:10AB1000F80404040C0001020202010004FC040415
:10AB2000F80002030202010004FC24740C0002037A
:10AB30000202030004FC24740C0002030200000063
:10AB4000F0080444CC4000010202010004FC202073
:10AB5000FC040203000003020404FC0404000202DB
:10AB600003020200000404FC0404060404030000C1
:10AB700004FC24D00C0402030200030204FC0400C1
:10AB80000000020302020203FC3CC03CFC00030084
:10AB90000300030004FC30C4FC04020302000300B1
:10ABA000F8040404F80001020202010004FC242459
:10ABB0001800020302000000F8848404F800010277
:10ABC0000207050004FC246498000203020003024B
:10ABD000182424448C000302020201000C04FC042B
:10ABE0000C0000020302000004FC0000FC04000151
:10ABF00002020100047C80E01C040000030000004D
:10AC00001CE03CE01C00000300030000049C609C6E
:10AC10000400020300030200041CE01C0400000204
:10AC2000030200000C84641C0400020302020300FF
:10AC30000000FE020200000007040400000E30C005
:10AC40000000000000010200000202FE00000004FB
:10AC500004070000000402040000000000000000DF
:10AC600000000000000008080808080800000200B2
:10AC700000000000000000000040A0A0C000000193
:10AC80000202030204FC2020C000000302020100B3
:10AC900000C02020600000010202020000C0202449
:10ACA000FC0000010202030200C0A0A0C0000001DD
:10ACB000020202000020F824240400020302020021
:10ACC0000040A0A0602000070A0A0A0404FC20201B
:10ACD000C0000203020003020020E40000000002A2
:10ACE00003020000000020E400000808080700003C
:10ACF00004FC80E020200203020003020404FC00A4
:10AD00000000020203020200E020E020C000030075
:10AD10000300030020E02020C00002030200030221
:10AD200000C02020C00000010202010020E020201D
:10AD3000C000080F0A02010000C02020E00000014E
:10AD4000020A0F0820E04020200002030200000059
:10AD50000060A0A020000002020203000020F820F2
:10AD6000000000000102020020E00020E0000001DD
:10AD70000202030220E020806020000003010000A6
:10AD80006080E080600000030003000020608060BD
:10AD9000200002030003020020E020806020080859
:10ADA000070100000020A060200000020302020052
:10ADB000000020DE0200000000070400000000FF89
:10ADC00000000000000F00000002DE200000000470
:10ADD000070000000201020404020000000000005D
:10ADE0000000000000000000000000000000000063
:10ADF000000000F8000000000000003330000000F8
:10AE000000100C06100C06000000000000000000FE
:10AE100040C07840C0784000043F04043F04040070
:10AE2000007088FC08300000001820FF211E000080
:10AE3000F008F000E018000000211C031E211E0095
:10AE400000F00888700000001E212324192721101B
:10AE500010160E00000000000000000000000000BE
:10AE6000000000E018040200000000071820400065
:10AE700000020418E0000000004020180700000055
:10AE8000404080F0804040000202010F01020200B9
:10AE9000000000F0000000000101011F010101009D
:10AEA000000000000000000080B070000000000002
:10AEB000000000000000000000010101010101018B
:10AEC0000000000000000000003030000000000022
:10AED00000000000806018040060180601000000F7
:10AEE00000E010080810E000000F102020100F00F4
:10AEF000001010F8000000000020203F202000007B
:10AF000000700808088870000030282422213000D2
:10AF100000300888884830000018202020110E00DA
:10AF20000000C02010F8000000070424243F240083
:10AF300000F80888880808000019212020110E0058
:10AF400000E0108888180000000F112020110E006A
:10AF500000380808C83808000000003F0000000062
:10AF60000070880808887000001C222121221C0023
:10AF700000E010080810E0000000312222110F004C
:10AF8000000000C0C00000000000003030000000E1
:10AF90000000008000000000000080600000000051
:10AFA000000080402010080000010204081020006A
:10AFB00040404040404040000404040404040400B5
:10AFC000000810204080000000201008040201004A
:10AFD000007048080808F00000000030360100004A
:10AFE000C030C828E810E0000718272423140B00FD
:10AFF0000000C038E0000000203C23020227382077
:10B0000008F8888888700000203F202020110E005A
:10B01000C030080808083800071820202010080051
:10B0200008F808080810E000203F202020100F003A
:10B0300008F88888E8081000203F20202320180006
:10B0400008F88888E8081000203F2000030000006E
:10B05000C03008080838000007182020221E02000F
:10B0600008F808000008F808203F210101213F20CE
:10B07000000808F8080800000020203F20200000F9
:10B0800000000808F8080800C08080807F000000E9
:10B0900008F888C028180800203F20012638200022
:10B0A00008F8080000000000203F20202020300089
:10B0B00008F8F800F8F80800203F003F003F2000A3
:10B0C00008F830C00008F808203F200007183F00AB
:10B0D000E01008080810E0000F10202020100F00DA
:10B0E00008F808080808F000203F210101010000CD
:10B0F000E01008080810E0000F18242438504F0012
:10B1000008F8888888887000203F2000030C3020D1
:10B1100000708808080838000038202121221C000F
:10B12000180808F8080818000000203F2000000058
:10B1300008F808000008F808001F202020201F0041
:10B140000878880000C83808000007380E010000A1
:10B15000F80800F80008F800033C0700073C03006B
:10B16000081868808068180820302C03032C3020D1
:10B170000838C800C83808000000203F2000000040
:10B1800010080808C8380800203826212020180098
:10B19000000000FE020202000000007F404040006C
:10B1A000000C30C000000000000000010638C000A4
:10B1B00000020202FE000000004040407F0000004C
:10B1C0000000040202020400000000000000000071
:10B1D000000000000000000080808080808080806F
:10B1E0000002020400000000000000000000000057
:10B1F00000008080808000000019242222223F204D
:10B2000008F8008080000000003F112020110E008F
:10B210000000008080800000000E1120202011001E
:10B22000000000808088F800000E112020103F20D0
:10B230000000808080800000001F22222222130054
:10B24000008080F0888888180020203F202000009F
:10B250000000808080808000006B94949493600054
:10B2600008F8008080800000203F210000203F205F
:10B2700000809898000000000020203F202000005F
:10B28000000000809898000000C08080807F00004F
:10B2900008F8000080808000203F24022D3020002C
:10B2A000000808F8000000000020203F20200000D7
:10B2B0008080808080808000203F20003F20003FF1
:10B2C0008080008080800000203F210000203F20FF
:10B2D0000000808080800000001F202020201F00B0
:10B2E000808000808000000080FFA12020110E00DF
:10B2F0000000008080808000000E112020A0FF80D0
:10B30000808080008080800020203F21200001007C
:10B3100000008080808080000033242424241900D1
:10B32000008080E0808000000000001F20200000DE
:10B330008080000000808000001F202020103F201F
:10B34000808080000080808000010E3008060100AF
:10B3500080800080008080800F300C030C300F0054
:10B3600000808000808080000020312E0E3120007F
:10B37000808080000080808080818E7018060100AF
:10B3800000808080808080000021302C22213000CD
:10B3900000000000807C020200000000003F4040EE
:10B3A00000000000FF00000000000000FF0000009F
:10B3B0000002027C800000000040403F00000000CE
:10B3C0000006010102020404000000000000000069
:10B3D000000000000000000000000000000000006D
:10B3E000000000000000000000000000000000005D
:10B3F000000000000000000000F0F0F0000000007D
:10B400000000000000017F010000000000000000BB
:10B41000001C1C1C0000000000008060301C8C60C0
:10B42000301C0C00000000000000000000000000C4
:10B43000000000000000000000000000000000E02C
:10B440000000000000E000000086E69F86868686F9
:10B45000E69F860000011F01010101011F0101009B
:10B46000000080C06020F820E0C00000000003075A
:10B470000C18FF70E18100000000070F10107F1012
:10B480000F0700008060206080000000E0200000C6
:10B490000F3020309F70DC371030C0000000100EDD
:10B4A00003000718101807000000C02020E0C000AB
:10B4B0000000000080E01F38E88703C43C0400005F
:10B4C000070F1810100B070D1010080000808C4C8F
:10B4D0003800000000000000000000000000000034
:10B4E000000000000000000000000000000000005C
:10B4F00000000000000080E03008040000000000B0
:10B5000000FEFF0100000000000000000000030F2B
:10B510001820400000040830E08000000000000017
:10B520000000000001FFFE000000000000402018A5
:10B530000F03000000000000000000000000C00039
:10B5400000000000004266663C18FF183C66664238
:10B5500000000000000003000000000000000000E8
:10B560000000800000000000001010101010FF10FC
:10B570001010101000000000000003000000000088
:10B5800000000000000000000000000000000000BB
:10B59000000000000000000000808C4C380000001B
:10B5A000000000000000000000000000000000009B
:10B5B00000101010101010101010100000000000EB
:10B5C000000000000000000000000000000000007B
:10B5D000000000000000000000000000000000006B
:10B5E00000001C1C1C000000000000000000000007
:10B5F00000000000E0380C000000000080701C0318
:10B60000000000000060380E010000000000000093
:10B61000000080C060202060C080000000FEFF01AC
:10B620000000000001FFFE000001070E18101018B6
:10B630000E0701000000808080C0E00000000000D4
:10B640000000000000FFFF000000000000001010DC
:10B65000101F1F10101000000080402020202060CC
:10B66000C080000000030300804020381F07000056
:10B67000001C1A1918181818181F00000080C02084
:10B68000202060C080000000000303001010182F6D
:10B69000E780000000070F10101010180F070000BF
:10B6A000000000000000C0E0F000000000C0B08812
:10B6B000868180FFFF808000000000000010101FC6
:10B6C0001F1010000000E0606060606060600000BB
:10B6D00000003F1008080818F0E0000000070B10F9
:10B6E0001010101C0F030000000080C0402020201C
:10B6F000E0C0000000FCFF211008080818F0E0007E
:10B700000001070C18101010080F03000000C0E023
:10B710006060606060E06000000003000000E0180E
:10B720000700000000000000001F1F0000000000D4
:10B730000080C0602020202060C080000087EF2CA7
:10B740001818303068CF830000070F081010101051
:10B75000180F07000000C0C020202020C08000007B
:10B76000001F3F604040402010FFFE0000000C1C06
:10B77000101010080F03000000000000000000007F
:10B780000000000000000000000E0E0E000000008F
:10B7900000000000001C1C1C000000000000000055
:10B7A000000000000000000000000000000C0C0081
:10B7B00000000000000000000058380000000000F9
:10B7C0000000000000000080402010000000102851
:10B7D000448201000000000000000000000001029F
:10B7E000040810000000000000000000000000003D
:10B7F0000084848484848484848484000000000021
:10B800000000000000000000000010204080000048
:10B810000000000000000000000001824428100029
:10B8200000001008040201000000000000C02020F9
:10B830001010101030E0C0000003030000F01008EA
:10B840000C070300000000001C1C1C00000000008E
:10B85000000000C0406020202040C00000FCFF012C
:10B86000F00E03C1FE03807F0001070E08111110C6
:10B87000110904020000000080E0E0000000000068
:10B880000000807C4340477FF880000010181F10A4
:10B8900000000000131F1C1020E0E020202020608A
:10B8A000C080000000FFFF10101010182FE780006C
:10B8B000101F1F1010101010180F0700000080C07C
:10B8C000402020202060E00000FCFF01000000007C
:10B8D000000001000001070E1810101008040300FA
:10B8E00020E0E02020202040C080000000FFFF007A
:10B8F0000000000001FFFE00101F1F1010101808AC
:10B900000E07010020E0E0202020202020608000A1
:10B9100000FFFF101010107C00000000101F1F100F
:10B92000101010101018060020E0E0202020202029
:10B930006060800000FFFF101010107C000001000C
:10B94000101F1F100000000000000000000080C059
:10B950006020202040E0000000FCFF01000040408B
:10B96000C0C140400001070E181010100F0F00005A
:10B9700020E0E0200000000020E0E02000FFFF10B9
:10B980001010101010FFFF00101F1F10000000000B
:10B99000101F1F100000202020E0E02020200000C9
:10B9A0000000000000FFFF00000000000000101079
:10B9B000101F1F101010000000000000202020E0C9
:10B9C000E020202000000000000000FFFF00000039
:10B9D0000060E0808080C07F3F00000020E0E02029
:10B9E000000020A06020200000FFFF30187CE3C092
:10B9F00000000000101F1F10000001131F1C181072
:10BA000020E0E020000000000000000000FFFF0038
:10BA10000000000000000000101F1F101010101088
:10BA20001018060020E0E0E000000000E0E0E02068
:10BA300000FF013FFEC0E01E01FFFF00101F1000CD
:10BA4000031F0300101F1F1020E0E0C000000000D3
:10BA50000020E02000FF0003071C78E08000FF00CA
:10BA6000101F100000000000030F1F00000080C026
:10BA700060202060C080000000FEFF010000000088
:10BA800000FFFE000001070E181010180C0701003F
:10BA900020E0E0202020202060C0800000FFFF2068
:10BAA00020202020301F0F00101F1F10000000005A
:10BAB00000000000000080C060202060C080000006
:10BAC00000FEFF010000000000FFFE000001070E65
:10BAD0001111133C7C67210020E0E0202020202071
:10BAE00060C0800000FFFF101030F0D0080F07008A
:10BAF000101F1F10000000030F1C10100080C060FA
:10BB0000202020204040E00000070F0C18183030A3
:10BB100060E08100001F0C0810101010180F0700C3
:10BB20008060202020E0E0202020608001000000D4
:10BB300000FFFF000000000100000000101F1F10A8
:10BB40000000000020E0E020000000000020E020D5
:10BB500000FFFF00000000000000FF0000070F18BA
:10BB600010101010100807002060E0E02000000016
:10BB700020E060200000077FF88000807C03000048
:10BB800000000000071F1C070000000020E0E0206C
:10BB900000E0E0200020E0200007FFF8E01FFFFCAD
:10BBA000E01F00000000031F0300011F030000004E
:10BBB000002060E0A0000020E06020000000000302
:10BBC0008F7CF8C6010000000010181E130001173A
:10BBD0001F1810002060E0E02000000020E060203E
:10BBE000000001073EF8E018070000000000001008
:10BBF000101F1F101000000000806020202020A0D7
:10BC0000E0E0200000000000C0F03E0F0300000054
:10BC100000101C1F17101010101806000000000064
:10BC200000FC0404040404000000000000FF000005
:10BC30000000000000000000007F40404040400045
:10BC4000000010E000000000000000000000000004
:10BC5000031C6080000000000000000000000003E2
:10BC60000C70800000000404040404FC00000000C8
:10BC700000000000000000FF000000000000404045
:10BC80004040407F0000000000000010080C040C41
:10BC9000081000000000000000000000000000008C
:10BCA0000000000000000000000000000000000094
:10BCB0000000000000000000000000000000000084
:10BCC0000000000080808080808080808080808074
:10BCD000000000040408080000000000000000004C
:10BCE0000000000000000000000000000000000054
:10BCF0000000000000000000000000000000000044
:10BD0000000098D844642424FCF80000000F1F1899
:10BD1000101010081F1F10180020E0F00000000095
:10BD2000000000000000FFFF180804040CF8F000F9
:10BD300000001F0F18101010180F03000000000063
:10BD4000000000000000000000E0F8180404043CBB
:10BD50003800000000030F0C10101010080600003F
:10BD60000000000000000020E0F0000000E0F81CEF
:10BD700004040408FFFF000000030F18101010084F
:10BD80001F0F08000000000000000000000000007D
:10BD90000000E0F8484444444C7870000000030F71
:10BDA0000C181010100804000000000080C0602073
:10BDB00020E0C00000040404FFFF040404040000A9
:10BDC000000010101F1F10101000000000000000E5
:10BDD0000000000000000000000070F88C04048CDB
:10BDE000F874040C007076CF8D8D8D89C878700042
:10BDF0000020E0F000000000000000000000FFFF55
:10BE000008040404FCF8000000101F1F10000010BC
:10BE10001F1F100000000000006060000000000014
:10BE20000000040404FCFC000000000000001010EE
:10BE3000101F1F1010100000000000000000006024
:10BE40006000000000000000040404FCFC0000008E
:10BE50000000C0C08080C07F3F0000000020E0F0F4
:10BE600000000000000000000000FFFF80C0F41C84
:10BE70000404000000101F1F1100031F1C101000FD
:10BE80000000202020E0F000000000000000000082
:10BE900000FFFF000000000000001010101F1F1026
:10BEA0001010000000000000000000000000000072
:10BEB00004FCFC0804FCFC0804FCFC00101F1F1020
:10BEC000001F1F10001F1F100000000000000000D6
:10BED000000000000004FCFC08080404FCF800005A
:10BEE00000101F1F100000101F1F10000000000096
:10BEF000000000000000000000E0F0180C04040C3A
:10BF000018F0E00000030F0C101010100C0F0300CD
:10BF10000000000000000000000000000004FCFC25
:10BF2000080404040CF8F0000080FFFF8890101053
:10BF30001C0F0300000000000000000000000000D3
:10BF400000E0F81C04040408F8FC000000030F18CB
:10BF500010109088FFFF800000000000000000002B
:10BF600000000000040404FCFC100804040C0C0095
:10BF70001010101F1F101010000000000000000023
:10BF8000000000000000000000003078CCC4848471
:10BF9000840C1C0000001E1810101011190F060050
:10BFA0000000000000C000000000000000040404C5
:10BFB000FFFF040404000000000000000F1F101029
:10BFC000100C000000000000000000000000000055
:10BFD0000004FCFE00000004FCFE000000000F1F37
:10BFE000181010081F0F08000000000000000000DB
:10BFF0000000000000040C3CFCC40000C43C0C0425
:10C0000000000000010F1E0E0100000000000000F3
:10C010000000000000000000043CFCC400E47CFCC4
:10C0200084807C040000071F070000071F07000032
:10C030000000000000000000000000000004041CDC
:10C040007CE4C0341C0404000010101C1601131FF3
:10C050001C1810000000000000000000000000009C
:10C0600000040C3CFCC400C43C0404000000C0807C
:10C07000C1370E01000000000000000000000000B9
:10C080000000000000001C0404C4F47C1C04000038
:10C090000000101C1F17111010180E0000000000E7
:10C0A000000000F80C04000000000000001028EF61
:10C0B00000000000000000000000003F60400000A1
:10C0C000000000000000FF00000000000000000071
:10C0D0000000FF0000000000000000000000FF0062
:10C0E000000000000000040CF80000000000000048
:10C0F00000000000EF281000000000000000406079
:10C100003F000000000000000018060202040810B2
:10C1100020203008000000000000000000000000A7
:10C12000000000000000000000000000000000000F
:10C1300000000000000000000000000000000000FF
:10C14000000000000000000000000000008080806F
:10C15000808080FEFE808080808080000000000063
:10C1600000000000000000000000000000010101CC
:10C17000010101FFFF0101010101010000000000B8
:10C1800000000000000000000000000000000000AF
:10C19000000000000000000000000000000000009F
:10C1A000000000000000000000000000000000008F
:10C1B000000000C0C0C0000000000000000000003F
:10C1C0000000000000000000000000000000001C53
:10C1D0000C0603FFFFFF000000000000000000004D
:10C1E000000000000000000000000000000000004F
:10C1F000000000FFFFFF0000000000000000000042
:10C20000000000000000000000000000000000002E
:10C210000000000707070000000000000000000009
:10C22000000000000000000000000000000000808E
:10C23000C0C0C0C0C0C0C0808000000000000000BE
:10C2400000000000000000000000000000040707DC
:10C25000030100000000C1FFFF1E000000000000FD
:10C26000000000000000000000000000000000804E
:10C27000C0E070381E0F0301000000000000000045
:10C2800000000000000000000000000000000707A0
:10C290000707060606060606060600000000000060
:10C2A000000000000000000000000000000000008E
:10C2B00080C0C0C0C0C0C08080000000000000007E
:10C2C0000000000000000000000000000000060F59
:10C2D0000301808080C0C17F7F1E0000000000003D
:10C2E0000000000000000000000000000040C0E06E
:10C2F00080000101010303DFFEFC000000000000DC
:10C300000000000000000000000000000000010329
:10C310000707060E0E0607030300000000000000DA
:10C320000000000000000000000000000000F0100D
:10C33000101010FF10101010F000000000000F048B
:10C34000040404FF040404040F0000004040405FA4
:10C35000555555755555555F404040000040200FDC
:10C36000094989790909090F2040000000FE0242AD
:10C370004ACA4A4ACA4A4A4202FE000000FF4050E6
:10C380004C4340404F50505C40FF00000000F88894
:10C39000888888FF88888888F800000000001F08C7
:10C3A0000808087F888888889F80F00080828282C1
:10C3B000828282E2A2928A8682808000000000004F
:10C3C0000040807F0000000000000000101010FFFF
:10C3D000109008888888FF88888808000444827F35
:10C3E00001808040432C10284681800000101010EE
:10C3F00010D030FF30D0121C1010000010080402C2
:10C40000010000FF0000010204081000040404847D
:10C41000E43C2724242424E404040400040201004E
:10C42000FF0909090949897F0000000000FE225A1E
:10C430008600FE9292929292FE00000000FF040895
:10C440000700FF4020030C142241400000804020E0
:10C4500018068000071820408000000001002070AE
:10C4600028262120202438600001010000101292AB
:10C470009292929292121202FE0000000000003F7F
:10C48000101010103F0040807F000000000000C02E
:10C4900080808080808080FC84808080808080C0DC
:10C4A000C0000000000000FF7F404040404040FFCF
:10C4B00040404040404040FF7F000000000000003E
:10C4C000000000000000007F70000000000000007D
:10C4D000000000000000000000000000000000005C
:10C4E000000000FCF8000000000000000000000058
:10C4F0000000000000000000FFFE02020202020233
:10C50000020202FFFF020202020202020202FF0313
:10C5100000000000000000001F1F040404040404C5
:10C52000040404FFFF0404040404040404041F00BE
:10C5300000000000000000000000000000000000FB
:10C540000000007F3F00000000000000000000002D
:10C5500000000000000000000000000000000000DB
:10C5600000000000000000000000000000000000CB
:10C5700000F8F8F0F070200000000000000000005B
:10C5800000000000000000000000000000000000AB
:10C59000000000000000000000000000800000001B
:10C5A000000000000000000000000000000000008B
:10C5B00000FFFFFFFF00000000000000000000007F
:10C5C000000000000000000080800000000000006B
:10C5D00000000000000000000000000000FFFFFE5F
:10C5E00006060606060606060606060606060606EB
:10C5F00006FFFFFFFF0606060606060606060606F7
:10C6000006060606060606FFFFFFFF0702000000FB
:10C6100000000000000000000000000000FFFFFF1D
:10C62000000000000000000000000000000000000A
:10C6300000FFFFFFFF0000000000000000000000FE
:10C6400000000000000000FFFFFFFF0000000000EE
:10C6500000000000000000000000000000FFFFFFDD
:10C66000181818181818181818181818181818184A
:10C6700018FFFFFFFF18181818181818181818189E
:10C6800018181818181818FFFFFFFF000000000006
:10C690000000000000000000000000000201010096
:10C6A000000000000000000000000000000000008A
:10C6B00000FFFFFFFF00000000000000000000007E
:10C6C0000000000000000001010000000000000068
:10C6D000000000000000000000000000000000005A
:10C6E000000000000000000000000000000000004A
:10C6F00000FFFFFFFF00000000000000000000003E
:10C700000000000000000000000000000000000029
:10C710000000000000000000000000000000000019
:10C720000000000000000000000000000000000009
:10C73000001F1F0F0F00000000000000000000009D
:10C7400000000000000000000000000000000000E9
:10C7500000000000005EBCE2613FDD83C29C7E20E1
:10C76000A3FD1F419DC3217FFCA2401E5F01E3BDCD
:10C770003E6082DC237D9FC1421CFEA0E1BF5D03C1
:10C7800080DE3C62BEE0025CDF81633D7C22C09EB5
:10C790001D43A1FF4618FAA427799BC584DA3866A1
:10C7A000E5BB5907DB856739BAE406581947A5FB8D
:10C7B0007826C49A653BD987045AB8E6A7F91B4581
:10C7C000C6987A24F8A6441A99C7257B3A6486D875
:10C7D0005B05E7B98CD2306EEDB3510F4E10F2AC61
:10C7E0002F7193CD114FADF3702ECC92D38D6F314D
:10C7F000B2EC0E50AFF1134DCE90722C6D33D18F41
:10C800000C52B0EE326C8ED0530DEFB1F0AE4C1234
:10C8100091CF2D73CA947628ABF517490856B4EA20
:10C820006937D58B5709EBB536688AD495CB29770C
:10C83000F4AA4816E9B7550B88D6346A2B7597C900
:10C840004A14F6A8742AC896154BA9F7B6E80A54F4
:10C85000D7896B351CCF0008EC01002000000000D8
:10C860000000484220CF0008F00100200000000036
:10C870000000484224CF0008F4010020000000001E
:10C8800000004842FCCE0008F80100200000000033
:10C8900000803B4504CF0008FC01002000000000A0
:10C8A00000803B45E4CE00080002002000000000AC
:10C8B0000000C842ECCE0008040200200000000086
:10C8C0000000C842CCCE0008FC00002000000000A0
:10C8D0000000C842DCCE000800010020000000007B
:10C8E0000000A040D4CE0008040100200000000099
:10C8F0000000C84214CF000808010020000000001A
:10C9000000004843F4CE00080C01002000000000A5
:10C91000000070420CCF0008100100200000000051
:10C9200000803B45A4CB0008BCCE000828CB000803
:10C9300088CA0008B0CA000864CA000874CD00089C
:10C94000000000003CCC00087CCB000898CD00081B
:10C9500034CA0008ACCC00087CCE000804CD000826
:10C96000C8CC0008F4CB0008E8CC000874CC000860
:10C97000FCCD000800000000D4CB0008B8CB0008B4
:10C9800054CB0008A8CE000830CD000800000000FD
:10C99000D8CA00085CCE000824CC0008F8CA0008F9
:10C9A000D8CD0008BCCD0008000000004CCD000828
:10C9B00030313233343536373839414243444546D5
:10C9C00000000000000000000000000030313233A1
:10C9D00034353637383941424344454640305800B3
:10C9E00030313233343536373839616263646566E5
:10C9F0004030780004000008000000000000000241
:10CA00000001000010000000000000006E83F9A289
:10CA10002915444ED15727FCC0DD34F5999562DBCA
:10CA20004190433CAB6351FE64656661756C745420
:10CA300061736B00455252205A4454205245504C69
:10CA4000592053544154555320213D2030783032E1
:10CA5000202853454520524157204652414D4529F3
:10CA60000D0A000041434B205A44542043414E4399
:10CA7000454C4C454420284E4F204D4F544F52209A
:10CA800041434B290D0A000041434B205A44542096
:10CA900052554E5F52455155455354454420284EFA
:10CAA0004F204D4F544F522041434B290D0A000057
:10CAB00041434B205A44542053544F505F524551E8
:10CAC00055455354454420284E4F204D4F544F5206
:10CAD0002041434B290D0A0041434B20532575202B
:10CAE00051554555454420284E4F204D4F544F52E7
:10CAF0002041434B290D0A0041434B20532575200B
:10CB000043414E5F5355424D495454454420434D93
:10CB1000443D2530325820284E4F204D4F544F521F
:10CB20002041434B290D0A00455252205A445420BB
:10CB3000464F524D41543A205A44543D312E2E34E2
:10CB40002C2D3330302E2E3330302C312E2E350D0F
:10CB50000A0000004552522056545241434B204691
:10CB60004F524D41543B205553452056545241435A
:10CB70004B3D302E2E360D0A00000000455252204B
:10CB800043414E2044495341424C45443B20444D8F
:10CB90002F5332382F5333352052454A454354459D
:10CBA000440D0A0041434B205A445420414343451D
:10CBB000505445440D0A000041434B205654524105
:10CBC000434B2053544F50205245515545535445E3
:10CBD000440D0A0041434B2056545241434B2053CD
:10CBE00054415254205245515545535445440D0A21
:10CBF00000000000494E464F20504152414D204414
:10CC0000454641554C54533B204E4F2056414C49CC
:10CC10004420464C415348205245434F52440D0A4C
:10CC2000000000004552522053257520464F524DBA
:10CC300041542F52414E47450D0A000045525220A3
:10CC400043414E205354415254204641494C45449F
:10CC50003B2043414E2044495341424C45443B20F4
:10CC600055534152543120415641494C41424C4563
:10CC70000D0A000045525220504152414D20464C71
:10CC80004153483B20554E5341564544204348416B
:10CC90004E474553204C4F5354204F4E20504F5732
:10CCA0004552204F46460D0A0000000045525220D2
:10CCB000474F544F20494E56414C49442048454126
:10CCC00044494E470D0A000041434B205041524118
:10CCD0004D204C4F414445442046524F4D20464C38
:10CCE0004153480D0A00000041434B20504152413E
:10CCF0004D20534156454420544F20464C41534803
:10CD00000D0A000045525220574845454C205458C2
:10CD1000204641494C45443B20574845454C454EEB
:10CD200020544F205245434F5645520D0A000000F3
:10CD30004552522056545241434B20564953494F75
:10CD40004E204552524F520D0A0000005741524E9C
:10CD500020532575204E4F5F5245504C5920434D6E
:10CD6000443D2530325820494E203530304D530D4A
:10CD70000A0000005741524E205A4454204E4F5F43
:10CD800056414C49445F5245504C5920494E20353C
:10CD900030304D530D0A000045525220574845454A
:10CDA0004C2044495341424C45443B20574845455B
:10CDB0004C454E2046495253540D0A005741524E9D
:10CDC000205325752043414E5F54585F54494D45CB
:10CDD0004F55540D0A00000045525220532575202E
:10CDE00043414E5F54585F4641494C454420434DB2
:10CDF000443D253032580D0A0000000045525220B3
:10CE0000504152414D20554E4B4E4F574E3B2047BF
:10CE10004554204B50587C4B50597C4B505A7C58B1
:10CE2000564D41587C5A564D41587C58564D494EA6
:10CE30007C5A564D494E7C56434F4E467C564B507D
:10CE40004D4D7C5644424D4D7C56444250587C5684
:10CE50004D494E7C564D41580D0A000041434B2030
:10CE60005325752043414E43454C4C454420554E77
:10CE700053454E54204F4E4C590D0A0045525220F6
:10CE8000444D2044495341424C452054582046418A
:10CE9000494C45443B20444D4F464620544F205278
:10CEA000455452590D0A00004552522056545241E1
:10CEB000434B20425553590D0A0000004552522061
:10CEC0005A445420425553590D0A000056434F4EC0
:10CED000460000005644424D4D000000564B504D58
:10CEE0004D00000058564D494E0000005A564D491D
:10CEF0004E000000564D494E0000000058564D416E
:10CF0000580000005A564D4158000000564D4158F7
:10CF10000000000056444250580000004B5058009A
:10CF20004B5059004B505A0058D0000800000020C8
:10CF300028020000C401000890D000082802002048
:10CF40000063000000020008100100004300000020
:10CF5000F8FFFFFF0040404040404040404041411A
:10CF600041414140404040404040404040404040BE
:10CF70004040404040050202020202020202020258
:10CF80000202020202202020202020202020200255
:10CF900002020202020290909090909010101010E5
:10CFA0001010101010101010101010101010101081
:10CFB0000202020202028888888888880808080815
:10CFC00008080808080808080808080808080808E1
:10CFD0000202020240000000000000000000000009
:10CFE0000000000000000000000000000000000041
:10CFF0000000000000000000000000000000000031
:10D000000000000000000000000000000000000020
:10D010000000000000000000000000000000000010
:10D020000000000000000000000000000000000000
:10D0300000000000000000000000000000000000F0
:10D0400000000000000000000000000000000000E0
:10D050000000000000000000D1420192100366248D
:10D06000F4053FAAAAAAAA337042033748C243482C
:10D0700042423F3240434041324103D9704239334A
:10D0800033134033331340031D10410214140000C6
:040000050800018965
:00000001FF
